close,RSI_14,INC_2,ROC_2,PSL_3,CDL_DOJI_3_0.1,TRUERANGE_1,Z_30,ratio_M50M180,ratio_M5M20,ratio_M20M50,ratio_MACDh_12_26_9,obv_pct_delta,LRm_3_pct_delta,PL
11.960000038146973,50.2573819394587,1,0.6734000247088343,66.66666666666667,0.0,0.38000011444091797,-0.04232334820012197,0.9950956614522957,2.5725799008795147,1.5244137700066536,1.2712705531104378,-0.057871152169354234,-1.3478264475146369,1.0
4.269999980926514,45.389950614921766,1,0.9456255714577678,33.333333333333336,0.0,0.21000003814697266,-0.3723186820169546,0.9809971963570717,0.19736873063432547,0.957102436074047,0.9802364750922132,-0.2028807881313397,-2.3333227370261467,1.0
5.070000171661377,66.29294738900151,1,22.760291311703938,33.333333333333336,0.0,0.3299999237060547,3.1521800405511735,0.9643382416946358,8.487181180092469,0.5537269308810063,3.6077948510474407,1.062556291043275,-7.714292526251613,0.0
11.739999771118164,45.975847996428826,1,4.915104659155167,100.0,0.0,0.4500007629394531,-0.7380940231800633,1.0182490090662926,0.8998901648377242,1.155323043523341,0.43714131864064576,-0.18666740388180025,-3.4999978325610024,1.0
3.9800000190734863,17.175153063806874,0,-9.545456072515659,33.333333333333336,0.0,0.5499997138977051,-2.0441746188006515,1.2510611526195194,1.3056234679576997,1.1637070486592973,1.00073252353789,0.603055559406833,-0.82716045022065,0.0
4.150000095367432,47.76738917769472,1,4.010027204217105,66.66666666666667,0.0,0.3599998950958252,-0.13302049881171923,0.97977092914685,2.3333341280622313,0.8797908958170891,1.8276812547384416,-0.029142541383369802,-2.1428568995730606,1.0
5.510000228881836,43.10214398325748,0,-7.3949511678664,33.333333333333336,0.0,0.26999998092651367,-0.8445944661546785,1.0007173525099957,0.3721594830651679,0.6306970340374511,-0.297605317274089,-0.4296149570600287,3.399979019245074,0.0
3.680000066757202,35.17824213583842,1,0.8219170029021746,66.66666666666667,0.0,0.5500001907348633,-0.5844254233244307,1.0610585670788937,0.4330357098508447,0.9268926245737259,1.1420788062897593,-0.03786320629573914,-0.9433963028040713,1.0
6.059999942779541,64.56796255068457,1,2.3648625790768367,33.333333333333336,0.0,0.5199999809265137,1.232392552313222,0.9392792979509333,0.6802585894477807,1.1917532141012277,0.33754708396581506,-0.02985589732940641,-1.274509675591629,1.0
13.210000038146973,50.382311440652934,0,-0.2265840898021241,33.333333333333336,0.0,0.25,-0.055738980791353775,0.8265292847722993,1.0201511032468333,0.9476247151385687,0.9310004431781546,0.0609180694949818,-1.5999923706345724,0.0
9.460000038146973,22.050704209869153,0,-7.707316701005145,0.0,0.0,0.7199993133544922,-2.221614482741687,2.095168252101163,1.2320628099341435,1.107215013954293,1.2815994330332228,0.6105996296606746,14.79993896507658,0.0
11.399999618530273,41.14281025625301,1,2.7953062369439494,66.66666666666667,0.0,0.3000001907348633,-1.2351592121789081,1.0282438682697685,0.9222905055034956,1.4587385728278481,0.7372583484255822,-0.17192361121459432,-1.6595729570583018,1.0
6.449999809265137,77.95000970183357,1,15.178569984071084,66.66666666666667,0.0,0.46000003814697266,2.4472126581248084,0.9120193233320081,1.1284296560950167,1.5560395279282204,1.3111730274621791,1.392873068144659,6.727262481197466,1.0
11.9399995803833,50.89620762662505,1,1.7902817249977154,66.66666666666667,0.0,0.4799995422363281,-0.15829417902766607,0.993834086786999,-0.4913035275580695,0.9795400826102649,2.2580578305629575,-0.016373926399951944,-0.5116270817300121,0.0
12.199999809265137,64.89131311790166,0,-0.16366986355667912,66.66666666666667,0.0,0.39999961853027344,1.13522100780739,1.0608796567877208,0.7033176327096615,1.0614925372176396,0.0735599939663798,0.0002118576821752427,-0.8749970197649191,0.0
12.529999732971191,57.481941756641746,1,2.8735584484893737,33.333333333333336,0.0,0.5700006484985352,1.7420795472686084,0.9684936252810875,1.5988283078827235,0.722320395241511,1.0538654500460447,-0.0065630255547807215,-2.0294096197646105,0.0
5.940000057220459,53.769860398414075,1,3.484325680788911,66.66666666666667,0.0,0.4500002861022949,1.0501306090766955,0.956880467470708,1.5740739146377343,0.8473070383190029,1.5129045163218346,-0.029839449983716904,-1.8333336644699068,0.0
7.150000095367432,74.09123598527418,1,6.8759347415923955,66.66666666666667,0.0,0.4200000762939453,1.7089185925806183,0.8021367022295076,1.47769523334797,1.0894425039401872,1.493593484978691,0.7857864831888182,-0.07999992370605469,1.0
12.220000267028809,44.17729064027823,0,-7.283763398472616,33.333333333333336,0.0,0.9600000381469727,-0.5139387766632684,1.004708229995807,0.3868708287386978,0.6163852900935545,0.15313765001473914,0.37575618838768743,-7.399975840342813,0.0
4.119999885559082,37.46192124047982,1,0.7334897763319029,33.333333333333336,0.0,0.3400001525878906,-1.1876024985351534,0.9703129546195588,0.9130434418584407,1.0465115985362623,0.6123762140268687,-0.34653841390414064,-1.1499988079059675,1.0
4.289999961853027,37.717748819337,0,-0.46403668659019937,66.66666666666667,0.0,0.23999977111816406,-1.1645405123191397,0.9625257309318589,1.288499208524695,1.1032524593670092,1.0086028687994772,0.025681133405987655,-0.875,1.0
12.380000114440918,70.56043819902715,1,0.16181600581895667,66.66666666666667,0.0,1.0299997329711914,1.601849229698399,1.0784830747675704,1.0878716454352777,1.1526388947305464,1.0255711227621662,0.02483062914878209,-0.982300481647679,0.0
13.180000305175781,61.75801354091702,0,-1.4210888706776958,66.66666666666667,0.0,0.32000064849853516,1.663449085174959,0.9121143367291958,1.0272538937037612,1.3690528611131232,0.879856396200273,-0.02931636844341623,-1.2923072182917776,0.0
4.53000020980835,50.3443154560982,1,7.600954127359692,66.66666666666667,0.0,0.37000036239624023,1.7482992071640773,1.042287771299791,0.9218749659709069,0.8395582769975833,0.9338959686777321,-0.33904303300513916,7.450582151236063e-07,1.0
6.119999885559082,49.42685649087818,0,0.0,66.66666666666667,1.0,0.32000017166137695,-0.27962213501780375,0.9554686357888753,0.890192883215873,0.8740531911574052,0.72917138597256,0.040878306062863246,-1.0,1.0
9.550000190734863,69.89720223291944,1,9.142859322684151,66.66666666666667,0.0,0.8299999237060547,2.250523791021755,1.0589577403080965,1.3846155991685771,0.9249639380701481,1.3673762139121444,0.12531418791748838,-6.714273063534989,1.0
12.010000228881836,52.079013330740764,1,0.2504231034378448,66.66666666666667,0.0,0.5799999237060547,0.15609789651179043,0.9955834199879016,1.7051610937975994,0.9569117344964834,1.0217702870181091,-0.021810881771520463,-2.0,1.0
7.809999942779541,54.93873672218813,1,5.826555849195922,100.0,0.0,0.309999942779541,0.41860468489798147,1.0506956660806732,0.8445945216670673,0.9311855817024203,0.6086921115558518,0.12968138624930137,2.071419813216531,1.0
5.75,59.378632604703306,1,4.355712543534105,33.333333333333336,0.0,0.23000001907348633,1.304599108206448,1.0038428978750953,0.8477952244424929,2.975767542721448,0.7659024243398594,-3.391730853073681,-13.0,0.0
12.199999809265137,44.9661628881957,0,-0.9740250692497617,66.66666666666667,0.0,0.5600004196166992,-0.5026420950657411,1.0015163796274287,-2.4098327593706927,0.6985293374307782,3.467030208782686,-0.01650972644638149,-0.8461541283057624,1.0
10.899999618530273,50.63243116847746,1,3.5137691827336943,66.66666666666667,0.0,0.5100002288818359,-0.2648186786659743,1.0133263994498354,0.9534511528437309,0.9284659367549498,0.7066274747052305,0.009541942542109272,0.027778440052240283,0.0
12.449999809265137,36.77707069359315,0,-5.753218975678706,0.0,0.0,0.4200000762939453,-2.0889507322360026,0.8368366680143118,1.8864183896569917,0.9087626727541472,1.6060665624330943,-0.8671365306699331,24.333566455796802,0.0
11.460000038146973,55.90490901603023,0,-6.065571989240365,0.0,0.0,0.7300004959106445,0.6080649048756137,1.0484496653722906,0.6194969227083468,1.0249002912236995,-23.11943277531959,-0.06294706944271355,35.99914171275987,0.0
13.75,66.18463077047812,1,1.2518415114066612,100.0,0.0,0.4699993133544922,1.388762495552758,0.8603123111138765,0.7383017633146503,1.1514549911533603,0.7116336267581473,-4.26722334682861,0.6999942779759294,1.0
4.840000152587891,54.66029650892274,1,14.150953157044528,100.0,0.0,0.4699997901916504,2.2527109499893636,1.0403811419112001,1.381596814753535,0.8231494744437372,1.0438309459671073,-0.44312990481690406,-6.454542301906913,1.0
13.680000305175781,65.18723666919459,1,1.9374085499531335,66.66666666666667,1.0,0.19999980926513672,1.3772350157540778,0.865629214864852,0.7538225722204253,1.1552511260274057,0.6099323391649517,-1.3481614155903312,-1.9629655793582113,1.0
5.300000190734863,40.6323666858324,0,-2.752286674859517,66.66666666666667,0.0,0.2199997901916504,-1.8406716859636025,0.983760614904539,2.0065356289247593,0.675480800366699,1.1527798742657602,0.04248264003467539,1.4999761583088294,0.0
11.09000015258789,52.53725522810972,1,6.2260593709786844,100.0,0.0,0.6000003814697266,-0.006576751663119076,1.0140346178105322,0.9756099040955515,0.9195130057992613,0.7729335537681796,0.0811106670946693,-2.666666666666667,1.0
12.59000015258789,59.130925967721836,1,1.1245007668077824,66.66666666666667,1.0,0.26000022888183594,1.572796079781627,0.964914261567009,3.559806983721388,1.097816121591392,1.8769813689484638,-0.10960262578034485,-0.49999829700852516,1.0
9.449999809265137,65.03192977916405,0,-1.3569949423405319,66.66666666666667,0.0,0.3599996566772461,1.663263413385774,1.0377355955531744,1.0641092077746135,0.9749879680229969,0.6998042101977346,0.004368859342119613,-1.2131150616527342,1.0
11.84000015258789,47.40688993948085,1,0.8517920223111055,100.0,0.0,0.40000057220458984,-0.602144960157433,0.9991775401221566,0.5048901155816883,2.040785571280847,-0.17428053610311472,-0.26381629537172213,-0.8181811876535632,1.0
7.320000171661377,70.65028555662164,1,23.025216912829517,100.0,0.0,1.2199997901916504,3.45487098484108,0.9567499626715186,-3.6060595289081783,0.9941540141410549,-1.656051466745235,61.27477134146341,4.269237188198636,1.0
13.449999809265137,55.51332557906412,0,-2.465555863150294,33.333333333333336,0.0,0.5799999237060547,0.6864301102197198,0.8287389049255978,0.5762122812757536,1.0271891162605322,-2.6350771832858464,-0.07054270666361351,-9.500011920940324,1.0
5.980000019073486,54.55892093175936,0,-0.9933765423590082,66.66666666666667,0.0,0.3000001907348633,1.2723183736303527,0.960307382186505,0.9339336995767891,0.8916945282262125,1.058616485497863,-0.068572527942666,-1.166666445908805,1.0
10.529999732971191,47.089510993985805,1,3.539819606456028,66.66666666666667,0.0,0.7799997329711914,-0.4261934716765738,1.0142524920033136,1.2152147407558835,0.8909062046370133,0.9517049664915839,0.08030748129420551,-1.4235288177809693,1.0
4.210000038146973,45.395324962682366,1,8.226219141726235,33.333333333333336,0.0,0.3899998664855957,1.0333406656490438,1.0473756382823045,0.8955867257978976,0.8640901881257065,0.9289597455883695,0.00858047474432766,-1.8888889624748915,0.0
13.619999885559082,67.08749782957015,1,3.103708147071451,100.0,1.0,0.1699991226196289,1.8996456396025128,0.9084966045657524,0.9902216689447493,1.2013173815182552,1.0131699060318984,-0.6880070684487489,-2.952379871117752,1.0
6.909999847412109,63.40578305407487,0,0.0,66.66666666666667,0.0,0.19999980926513672,1.0201652835106756,0.5263834284275439,0.605343320754418,1.0249793924182413,-8.26453443657922,0.02701440730077187,-1.0,0.0
4.139999866485596,32.920263782758084,0,-1.6627119008812992,33.333333333333336,0.0,0.23000001907348633,-1.48362799254047,0.9654528665867352,1.428879287975367,1.0917382427641613,2.489614654565869,-0.8003716132946552,-0.7999994550430993,0.0
3.8499999046325684,38.403249981819094,0,-6.779665909192197,0.0,0.0,0.3100001811981201,-1.8434152285831689,0.9925774230744312,0.3076922606669374,0.8556677849756279,0.2721173596327798,2.5532935157236745,0.1666686534900539,0.0
11.890000343322754,47.43009264021395,0,-0.9991663886109213,33.333333333333336,1.0,0.31999969482421875,0.1315147262836318,0.9810463396689209,0.29641171581881764,0.748270316541788,-0.15689619913278868,0.021196387893680946,-0.7692307692307692,1.0
11.199999809265137,69.63447992603425,0,-0.8849591131132832,33.333333333333336,0.0,0.5299997329711914,1.7211370294561095,1.0628504761154143,1.086471461720875,1.2087604933613805,0.7252416676662738,-0.03699381980418248,-1.7142866874203855,1.0
8.40999984741211,16.790657048703277,0,-11.099367721995671,0.0,0.0,0.6099996566772461,-2.480119881417588,1.8035616054173018,1.3471338571744682,1.1163157168343432,1.5443818198743737,0.5176575009722719,0.3291142296665157,0.0
6.630000114440918,55.10739535807391,0,-2.643169307651346,33.333333333333336,0.0,0.25,0.4164956422393413,2.779771987778524,-3.9999964237222905,0.9393068596617595,1.0155036501855554,-0.09103715647190769,-1.6923076923076923,1.0
11.9399995803833,50.822470495983,0,0.0,33.333333333333336,0.0,0.34999942779541016,-0.029474759282935255,0.9890514746688275,5.345137814597046,1.0328228244857818,1.1162155107219522,-0.0336277013964984,-1.0,0.0
5.670000076293945,44.0997032743708,0,-3.2423217216978233,33.333333333333336,0.0,0.25,-0.916361268535896,0.9658087390977294,0.8283408814235664,0.3254716479689595,1.1338145198476879,-0.015540380618053184,1.1111193527706988,0.0
5.789999961853027,49.8246452836156,1,5.464484576358395,33.333333333333336,1.0,0.26000022888183594,-0.3764499493489452,0.971265598213508,0.12201591042241972,1.1718910909941178,-1.4629629231738763,0.1442549859763027,-2.304348547201692,0.0
5.860000133514404,50.973369104331866,1,6.352085119669679,33.333333333333336,0.0,0.4700002670288086,-0.30265593473025937,0.9725914382936605,0.2302631161013093,1.2637540264236835,-0.45860820254135465,0.13779039747845578,-2.9444457689933694,1.0
12.640000343322754,61.13553543813684,1,4.896266748954381,100.0,1.0,0.4499998092651367,2.265323453298592,0.9615648310086844,1.6898738283925139,0.766202555137241,2.24461031398823,-0.3551042240063147,0.20408250649082715,1.0
12.319999694824219,45.34366313563089,0,-5.954203541465831,33.333333333333336,0.0,0.43000030517578125,-0.30668556877423525,1.0041662424716415,0.24254503598366456,0.5883201718951467,-0.2687747481342705,0.040225561508937524,-13.999920527696098,1.0
12.180000305175781,53.05957676115523,0,-2.715656071538368,66.66666666666667,0.0,0.5799999237060547,1.0832070680574652,0.9619780730138999,1.5629281299300004,0.7508631511894893,1.1172873228426792,0.07158420877471694,-1.3434342461306379,0.0
7.059999942779541,69.31380001061139,0,-1.2587433760483833,66.66666666666667,0.0,0.309999942779541,1.3993445016765642,0.716532025495563,1.050943449246042,1.091002804423717,0.8221875012649178,0.07559253681561362,-1.19565248940074,0.0
3.9800000190734863,38.224241637228005,0,-6.791568223616304,33.333333333333336,0.0,0.15999984741210938,-1.547115303077984,0.9843786610623257,5.466671435042772,0.9985224232441969,0.5046689482683943,-7.879938497583834,-8.250005960470162,0.0
5.340000152587891,46.28371099720645,0,-13.170730572665912,33.333333333333336,0.0,0.3899998664855957,-0.22262812446444238,0.9674927198573432,0.3430851188624503,0.887347898614626,-6.380313033289113,-3.686493708887869,-4.115381652789495,0.0
5.519999980926514,45.571856934895,1,0.18148369563147948,33.333333333333336,0.0,0.25,-0.6856919878993463,0.9744658677338937,-0.695653526003172,1.07590275815114,0.4027028687104327,0.03637411801503165,-1.4999880790596762,1.0
12.850000381469727,43.1202124748557,0,-3.673161660519971,33.333333333333336,0.0,0.36999988555908203,-1.0594871041262035,0.8234883401651578,1.1598168336104302,0.9301886851138986,1.2413208160347085,-0.5930451073972006,-9.166605737900342,0.0
4.230000019073486,44.105738183379394,0,-3.644643559868645,33.333333333333336,0.0,0.3299999237060547,0.05761864662391562,1.0453281432226302,1.6317512848459907,0.897583819803315,0.9620604045093435,0.8311875554983348,-1.3636361665961345,0.0
8.279999732971191,21.65164520114114,0,-1.5457802235385423,33.333333333333336,0.0,0.7600002288818359,-2.03148202987969,1.5324924877191684,1.3107058358713382,1.1316004363996663,1.0852239681777036,0.01662982857035966,-0.8761903896894201,1.0
6.849999904632568,73.68249030870561,1,13.036303123967985,100.0,0.0,0.6599998474121094,1.852767464592575,0.8763647352202949,0.7485380653056413,1.1737773167745456,1.6163312691987215,1.170918990295477,4.642862251831567,1.0
4.389999866485596,46.054364428251944,1,11.13923578456401,100.0,1.0,0.3299999237060547,-0.02123342267152675,1.050850496965963,11.109076801033424,0.9143529752030735,1.1555238777646502,-0.59877071689949,0.3333321291996869,1.0
10.680000305175781,47.73915152229584,0,-6.806280369762666,33.333333333333336,0.0,1.0599994659423828,0.0024397424997939193,1.035588784777981,0.04278469800480961,1.0103766570174675,2.061460740696086,-0.01405057246025987,0.05405401922298725,0.0
6.630000114440918,55.107395358073916,1,5.071318138878106,33.333333333333336,0.0,0.3600001335144043,0.46856862718354736,22.395229817339274,-0.6571424094996929,0.9406542946718166,0.910855217050464,0.10658643553243774,-1.7619050322205623,0.0
6.170000076293945,75.46572324519973,1,8.435852622960505,66.66666666666667,0.0,0.5900001525878906,2.426319127088264,0.9411857592814533,1.1066336288152276,1.469829461330796,1.0320423563344352,0.13119102961290197,1.526315129034606,1.0
5.130000114440918,38.24366128470237,0,-2.6565439656981265,33.333333333333336,0.0,0.2799997329711914,-1.5515223158461853,0.9831695607032234,1.451053364234594,-1.6328392298231198,1.070414048807363,0.0006589598469339819,-0.5333340750795523,0.0
11.1899995803833,37.95962263784706,0,-1.9281355825671342,33.333333333333336,0.0,0.3099994659423828,-1.5856262568531208,1.0256946822119068,0.982702769856982,2.6284422262017753,1.0055228509663194,-9.425796774387152e-05,-0.11999893188476562,1.0
5.860000133514404,61.632906531492544,0,-7.7165319445231875,0.0,0.0,0.3899998664855957,1.0867617955506337,0.9520896596658334,0.8253968494249031,1.2380952420851394,0.36762279947382104,-0.6348671402828784,3.900002384188065,0.0
8.979999542236328,68.65804194952521,1,14.980788835196712,100.0,0.0,1.1200003623962402,2.0122885882271966,1.042577981936843,-0.024000043741865634,0.997232180012536,-0.17318803832515212,0.1585157646513411,1.7209303872917303,1.0
13.579999923706055,63.76966223852382,1,0.7418426176974227,33.333333333333336,0.0,0.4200000762939453,1.343114666596824,0.8760765560686173,0.8236971827055032,1.1668918157554906,0.46158189954836415,-0.08080197236823738,-1.7142866874203855,1.0
11.869999885559082,47.08788906679561,0,-2.384868137270126,0.0,1.0,0.28999996185302734,0.10042595600532139,0.9735820098325481,0.5406592130574951,0.890396617103467,0.16594356465531435,0.29749006329121874,-0.2750011324866307,0.0
12.5600004196167,57.9958898738215,0,-0.632910771622848,66.66666666666667,0.0,0.5399999618530273,1.913484235651875,0.9651192960366739,1.8333325594411618,0.7427943516192191,0.925523453840514,0.05177557676047839,-1.1355930559596548,1.0
6.230000019073486,59.73499197608516,1,6.313991077286595,100.0,0.0,0.4199995994567871,1.4559603304969764,0.9595623192480673,0.3720928169443432,0.9436175857141674,0.285624754282307,-2.539947286314571,-0.2884617324411588,1.0
6.369999885559082,51.03492812165112,0,-3.4848488241954114,66.66666666666667,0.0,0.37999963760375977,0.2875942793039779,0.9517608546341753,0.23414622209810473,0.9344510257605873,8.611167188626654,0.04158461447103812,-1.676471289467078,0.0
6.269999980926514,49.75603528362949,0,-3.389827395228807,33.333333333333336,1.0,0.28999996185302734,0.03776937447091586,0.9571049608425131,-0.0791375618431062,0.9337988190394872,1.4593216978622627,-0.46366473294391763,-0.12000083923339844,0.0
7.639999866485596,66.76485232916457,0,-0.6501975339768176,66.66666666666667,0.0,0.5,1.7128162842708647,1.2825692049996906,1.9450551046395677,0.8870746729807747,1.2233351465967521,0.00012048228662142613,-1.2083339128223367,1.0
12.15999984741211,51.42876648685756,0,-3.1847178251670543,33.333333333333336,0.0,0.4499998092651367,0.8672567236472088,0.9707676477654076,0.9295195218656206,0.8080977778943307,0.7023939931489557,0.5250823509595968,4.000011920940324,0.0
10.109999656677246,26.68259673360165,0,-3.4384011573069806,33.333333333333336,0.0,0.2799997329711914,-1.8164703103179984,2.4189053590148686,1.3513697310311903,1.1191127801830774,1.071093486457117,0.656798082421413,1.117649698751248,0.0
8.109999656677246,21.95427788799046,0,-2.7577996607023527,66.66666666666667,0.0,0.37000036239624023,-1.702816322511186,1.3270997215537061,0.9381520201567802,1.0916423488344498,0.7249790178374643,0.06597903071609634,-1.5609763756450379,1.0
4.039999961853027,37.103598689410354,0,-1.9417457749564655,66.66666666666667,0.0,0.34999990463256836,-1.2255290846379487,0.9657221735423053,0.919413818645288,0.9950617201098244,-2.537659671081351,0.20977585161225099,-3.666687859617891,0.0
3.950000047683716,31.7267952257977,0,-5.048072294017802,0.0,0.0,0.16000008583068848,-1.6027591125781318,0.9731597511257397,0.9286774592927741,1.0712900712452305,2.539620206908517,-112.34949494949495,-11.5,0.0
3.2899999618530273,27.426815937787485,0,-6.534091486356971,33.333333333333336,0.0,0.2799999713897705,-0.9955300521891081,1.0995280410820816,0.6655750908708522,1.0248160554359145,1.1252779011130567,0.01431281299120113,2.8333373069801078,1.0
12.170000076293945,53.6001093105968,1,1.7558531561636106,66.66666666666667,0.0,0.5299997329711914,0.5890382433223721,0.9827591355988488,0.6269585803840525,0.7841127077700394,-0.4375012141831929,-0.023063576840124833,1.625002980235081,1.0
11.369999885559082,27.020542832197812,0,-3.2340435271567487,33.333333333333336,0.0,0.5,-2.1982403063462814,0.8138037687799002,0.9841987989644013,0.26338410428150083,0.8880321910666148,0.1323917927952396,-7.333290948104586,0.0
3.619999885559082,34.213811567316014,1,4.322762412452458,66.66666666666667,0.0,0.23000001907348633,-0.6622511489181855,1.0668748081220754,0.49808063901667216,0.9552265048844588,1.2502342702483435,-0.014556360304495808,-0.16666777045597536,0.0
5.71999979019165,48.02406051389727,1,6.517689238202453,100.0,0.0,0.38000011444091797,-0.6645446227437294,0.9719610191627363,0.6826241838548934,1.760562914417386,0.3360785065108542,0.5593735565662987,16.500011920940324,1.0
4.989999771118164,56.50479083714283,1,1.2170374212722963,66.66666666666667,1.0,0.26999998092651367,1.9789990880547765,1.0305773751955496,1.2160278506123232,0.7526176420752354,0.9164853030592157,0.04913418500221267,-0.85,1.0
5.610000133514404,55.5099951613046,1,0.8992840152776569,33.333333333333336,1.0,0.21000003814697266,0.887524673112285,1.0046883426822635,0.6963600362935132,1.3940814924490963,0.35100794490775516,0.15124683980694087,-1.2631588193515517,0.0
7.5,66.87023821985788,1,9.80966447698573,100.0,0.0,0.3400001525878906,1.96887698180383,1.3290872013616644,-1.5879640473349481,0.9497984211884212,-0.11900088576151896,0.5638864479410741,21.333534666369964,1.0
11.9399995803833,41.77190883738455,0,-2.2913312645416797,33.333333333333336,0.0,0.48999977111816406,-0.9373172524554603,1.0024195271746748,-0.32289901113300096,0.6178715635931981,-4.349791286319053,-0.0013364421599278975,-0.708332629667416,0.0
5.489999771118164,44.40172669317236,1,4.174569088954199,66.66666666666667,0.0,0.2200002670288086,-1.092036046575202,0.9825689671217365,3.5735304120505424,0.6508266870852858,1.1242702083943374,1.1133385991723475,-1.478260373798837,1.0
11.300000190734863,40.45359055253493,0,-2.753870034214913,0.0,0.0,0.4399995803833008,-1.162653591305826,0.9963317556604019,0.5692002785545375,1.3858745474455119,0.3852438227790478,0.3017557735107508,1.0,0.0
4.400000095367432,29.09445082728299,1,0.9174302896359119,33.333333333333336,0.0,0.12999963760375977,-1.8838504037241344,0.9741729357242865,1.0864574282047303,1.4118730433465574,0.8479234669323139,-0.22770432060874524,-1.2857142857142856,0.0
6.260000228881836,50.83616793785052,0,-18.276757786140895,0.0,1.0,0.9200000762939453,0.29001931254340213,0.9507553497278496,1.148849193164707,0.9527970294178653,0.3420209551513465,-0.5859055919215781,-5.117649863750664,0.0
13.420000076293945,66.81830237099878,1,2.208682096918441,100.0,0.0,0.25,2.2880130380097947,0.9167283834869131,1.2198748254022398,1.4751296527824487,1.1927953872611687,-0.44784427426851403,1.8999885559518588,1.0
8.25,64.5169302692271,1,2.611940785365037,33.333333333333336,0.0,0.5699996948242188,1.8380770419580332,1.2229449392818281,1.2349935232669578,0.9744099624443643,1.1480859924014872,0.014230293819851969,-0.47500002980231526,0.0
4.130000114440918,47.074856954478804,0,-3.278685412434551,66.66666666666667,0.0,0.32000017166137695,-0.2163068336274995,0.9797848867164599,-0.590908885659009,0.8594010232620671,1.0764044109558468,3.7838781870280895,-2.166666666666667,0.0
6.360000133514404,50.783788602383524,0,-0.15698198154363194,33.333333333333336,0.0,0.42999982833862305,0.19476076421513674,0.9545621021701253,0.6166660242606943,0.9297283909786135,1.5750612402597366,-0.18858394473254192,-0.9565228208025376,0.0
10.470000267028809,29.756891729249485,0,-1.5977450263958937,33.333333333333336,0.0,0.37000083923339844,-1.742757864126021,9.622776752226692,1.307072206104249,1.236438343212412,1.5362289542860992,0.006548109484705966,-0.8247420653257538,1.0
5.809999942779541,61.57530528794012,0,-5.065358636869019,66.66666666666667,0.0,0.570000171661377,1.9273185668244157,1.021099865010219,1.1026596407239568,0.47172621101865897,0.8294634771278193,-0.09463198671831763,-1.2743362047648263,1.0
11.6899995803833,27.755921389836853,0,-4.337157733748341,0.0,0.0,0.3600006103515625,-2.82428574638271,0.8682885009143595,1.7736035166523256,0.7077156547208397,1.2971660836196521,4.091657158198537,-0.1587292216353846,0.0
8.430000305175781,77.37623582638666,1,35.313006089355916,100.0,1.0,1.1599993705749512,3.982635978754281,0.9500004969289652,-89.12509238729147,1.065853086762089,-12.007712816579375,2.779754379443524,4.945948558275963,1.0
12.109999656677246,52.140212041338174,1,1.8502885366024444,66.66666666666667,1.0,0.26000022888183594,0.5026959332404599,1.0001649718166288,0.715204117911694,-2.0606167195731193,0.022291559839746004,0.03173224394012375,-0.48837405297989744,0.0
11.729999542236328,47.7384769524252,1,3.805303931357731,66.66666666666667,0.0,0.5799999237060547,-0.5023405414356155,0.9991061412193413,0.7876715348706834,1.1224848273059918,5.056764293037362,-0.17177187078151923,-2.3437492549412298,1.0
5.389999866485596,43.15708212239992,1,1.6981070285254773,66.66666666666667,0.0,0.15999984741210938,-1.2759404030752437,0.9776840043579854,0.9788274977860848,0.471530315689136,0.8610183214996605,0.6525632821509602,-1.5999993642155055,1.0
10.170000076293945,43.420582506336075,0,-7.71325178004775,33.333333333333336,0.0,0.75,-0.5978467484288529,1.0211717833396745,2.698246744120677,0.9344939622552935,1.2685461690369504,-0.08738857453876059,0.3281268626469256,0.0
5.820000171661377,56.94919145407796,1,3.743316098914554,33.333333333333336,0.0,0.28999996185302734,1.0024820504955172,0.9822559630583346,0.6299862360002882,1.1666860144961368,1.0183913432560427,-0.5282063055554169,3.1999847412691453,0.0
11.609999656677246,39.610858469519876,1,2.0210855880789036,66.66666666666667,0.0,0.5100002288818359,-1.068238807782964,-0.09035962135082375,0.9673795017677836,1.336466564148198,0.4326457421308339,-0.9689048675302829,-1.4259251083038547,1.0
8.920000076293945,19.08641806484777,0,-11.770520482632797,0.0,0.0,0.6999998092651367,-2.4000540113022777,1.9087478372933324,1.253421300812827,1.1096655872207877,1.5955090723206093,0.5769638099650842,2.3055487856567627,0.0
7.800000190734863,20.21798237569941,0,-3.4653432625623575,33.333333333333336,0.0,0.4399995803833008,-1.753064142285101,1.2719384431781715,0.8434004264794359,1.1168997819261424,0.7180907973358069,0.0036920117262344565,0.3999999999999999,0.0
13.479999542236328,62.84582642109494,0,-1.0279026762048102,66.66666666666667,0.0,0.3000001907348633,1.3976793926159723,0.8994253204713922,0.9223170552852267,1.235518404618155,0.7054854615851429,0.009043543567036405,-1.3414643790880079,0.0
4.119999885559082,42.08296769187252,1,11.95651659837076,100.0,0.0,0.7300002574920654,-0.2479391598647854,1.0534403350884973,-1.034364309313278,0.9159298059560065,1.1675992679877705,-0.4983216062433592,13.666674613960216,1.0
11.789999961853027,41.078446201074165,0,-3.3606545395249934,66.66666666666667,0.0,0.7100000381469727,-1.122302247729445,1.0102305232412372,1.9336735744799376,0.22894757778028818,1.2721669536458213,0.042198149024386344,2.416668653490054,0.0
12.010000228881836,52.01839880719573,1,4.163057302924604,100.0,0.0,0.6599998474121094,-0.09116131149614401,0.9973680263283766,0.1829785662572711,1.0019650487835599,4.2561428593084285,-0.20793649368460987,-24.999475491131033,1.0
12.0,65.78211073996913,0,-7.550073781185078,33.333333333333336,0.0,0.5799999237060547,1.292279358845006,1.067355565438049,1.0105329177443825,1.0901219654391736,0.5270101361111731,-0.08911042461029495,-1.7259258945292273,0.0
7.110000133514404,59.388101474570426,0,-15.658364458788148,33.333333333333336,0.0,0.559999942779541,1.5383708574921793,0.9471304784796913,1.615708238548302,0.9922229396297235,0.851907815045899,-0.4662255921220426,-1.6,0.0
13.029999732971191,64.97613445194624,1,3.494833797065986,66.66666666666667,0.0,0.4700002670288086,2.3745208872011254,0.9434246693263614,1.5322577750728492,1.3200689846339775,1.3593428554346445,-0.2553317487266553,2.14284643837576,1.0
4.289999961853027,51.86230439368388,1,3.623190826205635,66.66666666666667,1.0,0.3000001907348633,0.9482960632565293,0.9755455592238393,0.010489664099167297,0.8267108501894248,2.1203243945661856,-2.2841577447044514,-0.16666534211774175,1.0
11.140000343322754,51.960981032533816,0,-5.513143516822483,33.333333333333336,0.0,0.5200004577636719,-0.41295349355923583,1.0173002340467394,0.35535984463374043,0.7958582179007926,0.720090830846337,-0.07390345623514827,-1.8024682491372785,0.0
5.78000020980835,59.894142353301326,1,3.21429121859229,66.66666666666667,0.0,0.2799997329711914,1.4336858706687405,1.004619566243183,0.7486158257232574,-20.47539756273865,0.7177924800752786,-0.18882036412440628,-1.8571441546586982,1.0
5.739999771118164,49.56749369656691,1,1.9538126898984887,33.333333333333336,0.0,0.22999954223632812,-0.18855181575125227,0.9690601403650998,0.5266666242811732,1.089365243721932,0.8974636277966015,0.02805760416909009,-1.8461504603308514,1.0
10.640000343322754,28.90226161923298,0,-8.354860827206119,33.333333333333336,0.0,0.5999994277954102,-1.8703213791212863,-2.1619750726442346,1.298837349207202,1.323049875020031,3.7402171309684613,43.84416158401839,-5.217396712719553,0.0
11.470000267028809,29.706740206246238,0,-3.2883591984664657,66.66666666666667,0.0,0.3299999237060547,-1.8611694255304543,0.7344789851335196,0.9327845803202869,-0.2678877372073586,0.9299575321869004,0.29088492323950343,-5.33336512276017,1.0
3.4700000286102295,31.809160269214818,1,5.471126712591834,66.66666666666667,0.0,0.6200001239776611,-0.8179939244331927,1.083808010790455,0.6408364427578471,1.0236232606463578,1.184181726985448,-0.07646582182961659,-1.7826089210005287,1.0
3.890000104904175,39.976799596886515,0,-8.470585766960593,0.0,0.0,0.34999990463256836,-0.13214649146489882,1.0470314795321156,1.1085918657499692,0.8843672559114624,0.8563219289368618,0.5445966840456467,-3.7692275244837323,0.0
8.670000076293945,72.28060157819264,1,3.337302997776768,66.66666666666667,0.0,0.7899999618530273,2.677984779417249,1.2377928450036673,1.2024290957379513,0.978064857198833,1.3104003310111765,0.0034477565989281533,-0.666667045108787,1.0
12.520000457763672,59.64776408769298,1,8.586303102518503,66.66666666666667,0.0,0.5399999618530273,2.1318355754389127,0.9713858379018782,1.2967376130577972,0.8454974057940376,2.5726028054197814,-0.28915224353609414,-3.062499379118925,1.0
11.65999984741211,57.637506101295266,0,-3.2365173207434608,33.333333333333336,0.0,0.48000049591064453,0.678136181134306,1.0450284766216402,0.530235155975921,1.0035414958572992,3.657334811506191,-0.00034923520824514664,-0.152173236998414,1.0
8.390000343322754,74.43059735877864,1,11.125829554530528,66.66666666666667,0.0,0.7599997520446777,2.723878199169613,1.2823841124302777,1.5616440421079893,0.9108669082172304,2.1186171789543886,0.2440224726836595,15.799938965076581,1.0
11.65999984741211,41.6027247585023,0,-1.1026303211326383,33.333333333333336,0.0,0.6400003433227539,-1.1299514415283887,1.0227985947299383,1.3087068697257513,0.582374727143444,1.3275061651668942,0.0358284727887368,-0.682926432140232,1.0
4.349999904632568,47.1811640171671,1,2.8368767143733034,33.333333333333336,0.0,0.45999979972839355,0.6690222838990204,1.048101060898645,0.9719157734339516,0.8749784009114159,0.8789648382646934,-0.040248082950733344,-1.75,1.0
7.550000190734863,65.61621700755752,1,0.6666692097981771,66.66666666666667,0.0,0.40000009536743164,1.684799289719424,1.3055855221529011,2.7667639201354794,0.9104598266741503,4.933295864853359,0.01819907787108277,-0.9253728581473668,0.0
5.639999866485596,56.03388173368079,0,-5.369130362637857,66.66666666666667,0.0,0.5900001525878906,0.9783252284225433,1.0061975485890016,0.7720032991691339,1.5060817060504907,0.4295699809778192,-0.6832211636163676,-2.777780426875627,1.0
11.550000190734863,43.62298948001933,0,-2.4493239705714154,33.333333333333336,0.0,0.3299999237060547,-0.9078864114558199,0.9882846702313148,0.3680386715900555,1.4596594683664197,1.9510668438542205,0.2698910813899802,-3.899988555951859,0.0
3.6500000953674316,34.45179629095277,1,16.987186834892377,66.66666666666667,0.0,0.4700000286102295,-0.6962937536811026,1.0740078372753674,0.5125858181831611,1.006216854155513,1.3472438177166095,-0.3169574976394567,-5.416663852005794,1.0
3.5199999809265137,28.175596778363733,0,-1.675976091011433,33.333333333333336,0.0,0.3900001049041748,-1.0366005942634593,1.1045202937954202,0.7340745170652038,1.0155605508420051,2.415420330381949,-0.0134302863784308,-1.2608692947993656,0.0
7.559999942779541,50.583692702215366,1,1.2048213536239147,66.66666666666667,0.0,0.5300002098083496,0.20206343204832977,1.0756579891388403,-0.16927109025554957,0.9884264777256481,1.5603554047229429,0.23945438297591437,-1.1323531989820927,1.0
11.680000305175781,38.458063835692116,0,-3.9473647060816504,33.333333333333336,0.0,0.3100004196166992,-1.2596077543372166,0.5191798027479227,0.6914322190642305,1.5812907865744912,0.5025073221105437,12.241948848257195,-1.695651933541299,0.0
7.380000114440918,48.201381853632974,1,1.933706460616806,66.66666666666667,0.0,0.3899998664855957,-0.1079064862710622,1.0445285184522448,1.6505573720567648,0.982776092995375,1.0078577297805222,0.13334838631662427,-1.4666675143766312,1.0
11.760000228881836,47.03778077526051,1,0.9442112785703235,33.333333333333336,1.0,0.38000011444091797,-0.7393335853287386,0.9953243312056764,1.650859271238031,1.0638765472606673,0.7082502682096283,-0.021523820797074267,-1.6111134658585173,0.0
6.809999942779541,58.58447958762803,1,3.9694617476874856,33.333333333333336,0.0,0.6500000953674316,0.7811292209969279,-1.733334045253328,0.10152288994365677,0.946400000708008,1.2560299415250613,0.07050006801069042,-1.7222222222222223,1.0
9.119999885559082,61.83072398635006,0,-4.5026209066776275,66.66666666666667,0.0,0.4700002670288086,1.3327127936619345,1.0452310104206335,1.0792822167514131,0.9411856682027533,0.8328497643472815,0.0030875433571526667,-1.53750025331968,0.0
4.130000114440918,44.701907108506845,0,-6.981980603252695,33.333333333333336,0.0,0.15000009536743164,-0.6310629528818391,0.9917383044749147,2.7317090616010615,0.8640470186902977,0.6284401359599753,-2.0036669125598916,-1.9117641283981643,1.0
4.139999866485596,47.502271889362405,1,4.545450166784632,33.333333333333336,0.0,0.20000028610229492,-0.13667586342955926,0.9763764504336307,0.9662165683364528,0.8456751692521716,9.169867567439336,-0.02736426640146694,0.636360089645277,0.0
5.78000020980835,51.45162318737054,1,5.282339722777809,66.66666666666667,0.0,0.36999988555908203,0.30903613970434607,0.9718686822549245,-10.50000397364491,0.990451818551395,2.3434914808839737,4.087540487255316,-2.160001754760742,1.0
11.779999732971191,46.532109319567205,1,3.333334448741928,100.0,0.0,0.5200004577636719,-0.679492111452718,1.008736122220984,0.6923504962278066,1.8460901173146416,0.19767078444503094,-0.22940550159709272,0.2258089325597279,1.0
11.020000457763672,50.89026019830337,0,-5.488845609123081,66.66666666666667,0.0,0.619999885559082,0.16870478212439172,1.0272318258174278,-0.601900339334802,1.010686433014038,1.7506330469565732,0.020448438671921476,0.6410226314052012,1.0
8.619999885559082,67.8292668116178,1,4.484847097685843,66.66666666666667,0.0,0.43000030517578125,1.9726140677976862,1.175810359954815,1.0563597600725063,1.006246803659231,0.9418043773216386,0.17110543759924446,0.7619038968942011,1.0
6.739999771118164,54.97548120422603,1,2.4316086514784128,100.0,0.0,0.42999982833862305,0.8503828901099122,0.9517509074474102,0.31842667484483433,0.951949531425757,-0.8106533468580673,0.7220845118166122,-1.3018863850449531,1.0
5.849999904632568,66.39355686083081,1,20.618557106461616,66.66666666666667,0.0,0.8900003433227539,2.9107758573205236,1.0240671373184482,1.3123524105028517,0.7004376844687188,1.1148874202186916,-0.9019289171760398,99.00247961470602,1.0
13.130000114440918,63.67625769941719,1,0.7674626517196695,66.66666666666667,0.0,0.5099992752075195,2.22765093993007,0.9390060924813345,1.1210528231063597,1.2647443149665272,1.0223167993687154,-0.011085940663405403,-0.7727261890054251,1.0
7.340000152587891,47.52487854657882,0,-2.910050156835905,66.66666666666667,1.0,0.25,-0.14148901688720023,1.0437490849629731,6.130762157223338,0.9794469165275586,1.2530268015950001,-0.020896504766974022,-3.444437968889077,1.0
6.119999885559082,49.19731807117726,1,6.620211316957826,66.66666666666667,0.0,0.34999990463256836,-0.26183306006553636,0.9568413367747897,1.2800428478041868,0.9282210375706909,0.7558890915145002,0.7030655559136225,-8.599973297221004,1.0
5.349999904632568,40.774122467083004,0,-5.643741928669199,66.66666666666667,0.0,0.28999996185302734,-1.2682589071902992,0.9751310820288338,1.424200158622986,-0.015255955219052602,1.201841893641039,0.09790988001537748,0.6842109225792365,1.0
6.03000020980835,59.514724000796,1,1.5151540693756316,33.333333333333336,0.0,0.23000001907348633,1.0432618502655988,0.9728854256132877,0.7468879454593327,1.036473040374199,0.3136834706871393,-2.7477306789582334,-0.24999801317661274,1.0
6.670000076293945,54.946210563381825,1,1.522068523892916,33.333333333333336,0.0,0.1700000762939453,0.3220204924155824,1.5296632584936274,1.0691238366377296,0.9732102099132037,0.8170999867362415,0.01370652203436351,-2.666666666666667,0.0
7.929999828338623,14.966066270162727,0,-11.098657393360075,0.0,0.0,0.6299996376037598,-2.499115539668635,1.6791905305287524,1.4181157046401673,1.134392978405544,1.4177727844553893,0.46621519827007907,-0.16806672516939747,0.0
5.489999771118164,44.71766577122314,0,-4.020979501920229,33.333333333333336,1.0,0.21000003814697266,-0.8788596939840573,0.9724812944537867,0.48961043086818096,1.4514998874545355,0.5376165581872748,-0.3181335695562387,-1.6571430906958144,0.0
12.010000228881836,49.168239354438384,0,-4.150036034885453,0.0,0.0,0.46000003814697266,0.48268263500263525,0.9694769295666795,0.5869962372674261,0.9201761878512511,0.4155051496639941,0.3562035120006135,-2.48571529777848,0.0
7.940000057220459,56.900783006603255,1,1.794870039258369,100.0,1.0,0.29000043869018555,0.5652167690245014,1.0432128155623814,0.6043954143747382,0.9313190423380948,0.554979076108562,0.10089825321496693,-0.6956524894007401,1.0
13.34000015258789,53.39782880923789,1,0.4518103977647827,66.66666666666667,1.0,0.23000049591064453,0.2896239737681509,0.7927326893229563,1.183783218127851,0.9534824065339078,0.9417355324351057,0.043032664427685274,-0.3999923705618128,1.0
6.119999885559082,68.79244665780553,1,22.645293913264176,100.0,0.0,0.5900001525878906,2.766694397951341,1.0197463784777798,1.3467047102561855,0.6195105546357413,1.2735468441441211,-2.180759922555663,17.833353201567206,1.0
5.449999809265137,43.37482876029901,0,-1.0889367899150764,33.333333333333336,0.0,0.2800002098083496,-1.2349717722298414,0.981582210666332,-2.335875734182853,0.8841657512507021,4.550866982475615,-0.10732841322537756,-0.863635279914516,1.0
10.9399995803833,49.99653191155589,0,-2.234137706656076,0.0,0.0,0.4099998474121094,-0.6890234500017426,1.0182701909862615,0.3290041645809389,0.798093284575909,0.9410337223800888,-0.0630943834339932,-1.4901967750802676,0.0
5.980000019073486,55.43937694329096,1,8.333334053196195,100.0,0.0,0.2999997138977051,1.2110128713281463,0.9685248175321781,-7.999988079095248,0.9333333405911308,6.336652191587649,1.6884603207948565,45.001144437556626,1.0
12.050000190734863,53.1210608321112,1,4.238752191450277,33.333333333333336,0.0,0.5600004196166992,0.6486872252028694,0.9841145568416956,0.6475416499741004,0.9123959981272369,0.9137416228400731,-0.014011597393786546,-2.2894759297090284,1.0
5.510000228881836,56.75666477636549,0,-0.3616632941720413,33.333333333333336,0.0,0.46000003814697266,1.2391522300732964,1.008385273446853,0.6701621277001029,-0.7090492097987753,0.6758234482419615,-1.1394199110516772,-1.6666613685130733,0.0
11.770000457763672,37.17738148722596,1,3.5180349712459225,66.66666666666667,1.0,0.5,-1.3773613136668337,0.6445895805894765,0.8353210150698909,-2.3427299027280433,0.7010751003334283,-0.6455988487451758,-2.0526327677377094,1.0
6.730000019073486,59.24111792451419,0,-3.443325370768267,33.333333333333336,0.0,0.32000017166137695,0.7701280261634896,0.4393768579747745,0.5105406372380752,1.0166137388016894,4.873391306927393,-0.20997310263495195,-1.9599990844726562,0.0
5.789999961853027,44.323140262518585,0,-7.65550271983505,33.333333333333336,0.0,0.5999999046325684,-0.7013981595245874,0.9608261717970016,18.727091452127905,0.8994738027473933,1.3597774143814434,-0.10355243612873988,1.1818203492618768,0.0
11.859999656677246,32.70751848551375,1,0.7646490689319334,66.66666666666667,0.0,0.34999942779541016,-1.7880878811998313,0.8241675222649981,1.0404377447079909,0.5190137036135625,0.8250076399503871,-0.06739479428534034,-1.5624955296473786,1.0
13.100000381469727,53.50803474766094,1,0.4601259186520194,66.66666666666667,0.0,0.25,0.9846011557009449,1.0023689328259258,0.6848197626785472,0.665706752050456,0.7284145630978618,-0.07135723571218466,-3.0000317894268367,0.0
5.119999885559082,37.70236729549963,0,-3.0303090509739805,33.333333333333336,0.0,0.2200002670288086,-1.966978627349849,0.974245825660227,1.0124030163021411,2.349113830118923,1.0065216141330773,-0.10181698453059163,1.0000059604701619,0.0
12.050000190734863,62.958463764590554,0,-3.6770585909740485,33.333333333333336,0.0,0.4099998474121094,0.9934131353722838,1.0545981217417413,0.6194936515493794,1.057439735406207,-0.8524927044709766,-0.05706391600663108,-1.9019604543227606,0.0
4.210000038146973,32.57550766535328,0,-7.675436601414219,0.0,0.0,0.32000017166137695,-1.5383884376347026,0.9463212169314998,0.770764319333914,1.1587235439121646,-0.5546070157052051,-1.159251554229709,1.916668653490054,0.0
4.679999828338623,40.13148911594372,1,7.834093635872216,66.66666666666667,0.0,0.23000001907348633,-1.0369808456479532,0.9589660749510537,0.7134239089041026,1.2307259178725984,0.3311202123532218,-1.1361184421260315,-3.6153894119847854,1.0
6.329999923706055,50.475608863698604,0,-0.47170140217862094,33.333333333333336,0.0,0.17999982833862305,0.09935032940184892,0.9584460540549817,-1.4594626552139698,0.9359420922114998,1.2060535358959368,-0.008871051204850766,2.0000953697963855,1.0
11.84000015258789,79.47982392917153,1,16.07843503911701,100.0,0.0,1.4300003051757812,2.952724559918349,1.0736762985985089,1.3360726653678903,1.331018526882111,2.1228351502449714,0.20394716929849377,0.5185189436819955,1.0
4.440000057220459,53.000259530013665,1,8.292686841375929,66.66666666666667,0.0,0.19000005722045898,0.8157188729381021,0.9771607662847315,-0.3693692106944686,0.8573229924237229,2.09678773656133,-1.3000730695665255,1.8333373069801078,1.0
6.429999828338623,77.34754501863486,1,4.213934340837941,66.66666666666667,1.0,0.3600001335144043,2.136449040171515,0.9112276008616441,1.1490196100430778,1.5183327553183572,1.1378842772335973,0.1405430368597862,-0.4583338714307995,0.0
8.569999694824219,67.39082022890939,0,-1.1534069272173808,66.66666666666667,0.0,0.39999961853027344,2.128601861763912,1.1920031796328712,1.200897770320826,0.9735858539136513,0.8563532679060819,-0.012376185892709723,-1.357144560134332,1.0
4.070000171661377,40.30106718625863,0,-3.095229607320041,33.333333333333336,0.0,0.19999980926513672,-1.152172186674784,0.9828773882134438,1.3333432675096795,0.9865125216285507,0.7948923784065588,0.21998496563573888,0.44443796888907716,0.0
5.630000114440918,46.936882905973405,0,-2.256946341582947,0.0,0.0,0.25,-0.6055170765126642,0.9659797843737471,-5.555588914713094,1.0636659635589665,0.8990984563251396,-0.4350493377276715,0.3000023841880648,0.0
8.890000343322754,66.955823620276,1,11.964739033451087,66.66666666666667,1.0,0.5299997329711914,1.7406438230528023,1.047731516146684,-1.0040409798843941,1.048878071735665,-0.8990506581042216,0.01927384992488501,5.7857228006716594,0.0
13.210000038146973,62.14394173297101,0,-1.5648288893673843,66.66666666666667,0.0,0.21000003814697266,1.6071685964583078,0.9114998108051715,0.9839641418482494,1.2265542740037392,0.7032805500218257,-0.3157163376423824,-1.7241381578298316,1.0
5.489999771118164,69.02988025088494,1,0.18247722645753586,66.66666666666667,0.0,0.38000011444091797,2.112933234548554,0.9093985731488086,1.049586617865438,2.2296105734330136,1.0010466160832123,-0.12706356339294012,-0.9848488570355172,0.0
4.46999979019165,37.11119138013765,0,-7.261418444080408,33.333333333333336,0.0,0.25,-1.1970613072410605,0.9438108467594852,0.6132973663057097,1.119896297345633,2.317981419841251,-0.7229935700885293,-2.3461541283057623,0.0
4.820000171661377,59.163157978564655,0,-4.93096630247407,0.0,0.0,0.36999988555908203,1.6795768639227213,0.9699108398576628,1.5891239296331081,0.28321646062177747,0.9855112312894992,-0.542344282589157,-1.2659574306189296,0.0
6.190000057220459,66.36889517620475,1,5.631397887155757,66.66666666666667,0.0,0.2999997138977051,1.2891071804852308,0.9114660472218293,0.6293706810596658,1.1711609482413763,0.416337754100146,1.7369260075929494,-1.6734695466346958,1.0
11.779999732971191,45.88159978250096,0,-0.9251522891110529,66.66666666666667,0.0,0.48000049591064453,-0.224151671709085,0.9845291627376204,-1.2578941662224645,0.41749629348868056,3.715186735197395,0.005523973598217102,-0.08332737286317149,0.0
11.619999885559082,44.53006749318144,0,-1.3582330308911956,66.66666666666667,0.0,0.3299999237060547,-0.8693386006101415,0.9901098148276115,0.4107287031758647,1.4867055912475555,-0.8567181689010456,-0.0387446142988177,-1.4210521032276846,0.0
6.800000190734863,57.78066311536146,1,2.564103670581622,33.333333333333336,0.0,0.28999996185302734,0.634224333345906,1.7308598314549246,0.7187493387605286,0.9757919403963847,0.8618104416333676,0.0156570550259727,-1.9444457689933694,1.0
5.860000133514404,46.027787331013045,0,-1.5125996409376012,33.333333333333336,0.0,0.5099997520446777,-0.6805362537769096,0.9593978551819926,0.7688218985558417,0.7550140456926197,0.7862635298440883,-0.07932970295320785,7.999761586877742,0.0
12.59000015258789,59.13092596772183,1,4.568107910942343,66.66666666666667,0.0,0.39999961853027344,1.7113558523698953,0.9643571012398561,-3.7295083184614617,0.8305783576957693,5.204449616004565,-0.21510788069000142,0.9642882687729266,1.0
11.930000305175781,30.274686610500456,0,-4.176702908078587,0.0,0.0,0.48000049591064453,-2.7836534940954034,0.881189930442207,1.8756543249451203,0.7849938699753913,1.403759247722464,-7.182032225121979,-0.3157903322550124,0.0
4.559999942779541,36.19911217100137,1,3.636360089641049,33.333333333333336,0.0,0.3299999237060547,-1.3163353115624037,0.9659331274242482,0.8302816650267264,1.3191003301708635,0.6250676350604222,-0.4381404174573055,3.0,1.0
5.28000020980835,40.761363403902756,0,-1.4925358528601556,66.66666666666667,0.0,0.16000032424926758,-1.6587008527831157,0.9765368652863773,0.9787555664767417,0.3885055069754139,0.8862183256857218,-0.06972021312192733,-0.3846142560035799,0.0
6.489999771118164,52.23084132491517,0,-3.709198939016063,66.66666666666667,0.0,0.3400001525878906,0.421486334242141,0.9523229142865769,0.4703886917128018,0.9316949658588974,3.4516937069262967,-0.07886495680229322,-2.5625014901175405,1.0
4.0,21.837345502978234,1,0.5025120811725402,33.333333333333336,0.0,0.7300002574920654,-1.7119556223453236,1.1979208477891254,0.9207721033689288,1.1063339973486372,0.6971952969179529,-0.019145480570651574,-1.0476189935558875,0.0
12.720000267028809,58.59667534780892,1,0.8723284167047141,66.66666666666667,0.0,0.5199995040893555,1.465694626631799,0.9406867135670743,1.3546513194584067,1.3382352344153023,1.1620225464165013,-0.017198508081226693,4.500166897143675,0.0
4.289999961853027,45.254976879304444,0,-2.054797950601849,66.66666666666667,0.0,0.1400003433227539,-0.48155080152570967,0.9657710530083228,0.5927268616226012,0.9521530938056383,1.3028396009000491,0.04961188936908223,-1.264706212343906,1.0
11.649999618530273,44.82145635716643,0,-1.5215579571989675,33.333333333333336,0.0,0.36999988555908203,-0.9097959017159348,0.9945168539518312,1.3809516511013709,2.1482632318388712,2.72735064182192,-0.02541229213842955,-0.5135125382436407,0.0
11.6899995803833,45.51889815624603,0,-0.764008103803161,33.333333333333336,0.0,0.5599994659423828,-0.5911459262182689,0.9974112046667133,1.9748968015977137,0.5860303353117776,2.286265155041587,-0.044255040678041535,-0.18182133444305726,1.0
4.820000171661377,44.43444623401329,1,5.7017594768510715,100.0,0.0,0.2199997901916504,-0.7413059316435205,0.9501197822245867,0.6251059587620377,1.1438102583520697,-0.07091751971610454,-4.576577265457233,0.6250029802350809,1.0
4.46999979019165,30.17085622938775,0,-1.5418540143072155,66.66666666666667,0.0,0.1399998664855957,-1.9471505259719226,0.9753101875852568,1.1785406534305147,1.5084548232384205,1.0144361497321785,12.202830188679245,-0.8205123189088006,1.0
12.979999542236328,78.97085176318699,1,11.607905541798939,100.0,1.0,0.9799995422363281,2.0968373803053284,1.0780715593533439,1.0671072873202234,1.1758800982420625,1.4302963650211271,0.1688370471992482,2.1395313248522916,1.0
5.940000057220459,58.43385281775575,1,2.061853642949754,33.333333333333336,0.0,0.25,1.0404227797384913,0.9747342045345817,1.0524019058494392,1.0576655220251991,0.6185692762757763,-0.6259071194329842,-0.4285720773293491,0.0
13.960000038146973,69.04949441310484,1,2.0467816281060642,100.0,0.0,0.2700004577636719,1.5633823116958132,0.8552962972994186,0.8640977034724094,1.1453329204127485,1.1185539137349028,5.960352129853427,0.07692110185966339,1.0
13.1899995803833,50.435336483046555,0,-1.9330872309955927,66.66666666666667,0.0,0.36999988555908203,0.21630774000224914,0.8055731857180454,-0.22044139268591126,0.9757674148532769,2.0328677209036314,0.07215676999413634,-0.235293787656094,1.0
4.539999961853027,28.672171890429798,0,-7.91074807434675,33.333333333333336,1.0,0.15000009536743164,-2.3639436822133257,0.9720935876972762,1.3952097569444049,2.20720736035329,1.5383393481391778,-1.0605472096875534,1.0526302580692115,1.0
10.199999809265137,70.98742698722039,1,11.842104575200306,66.66666666666667,0.0,1.2100000381469727,2.3583484632959575,1.0449357992694537,1.2396781316125192,1.0740925122109404,1.2468186054686237,0.1569591573596527,-3.5116259470201023,1.0
11.229999542236328,69.82752286028818,1,1.1711635702609648,66.66666666666667,0.0,0.6399993896484375,1.5981411070936604,1.0578484411530216,0.9082497924698368,1.2099326799593357,0.6818453452072647,0.07709783336466058,-1.1756745959126023,1.0
6.050000190734863,55.75621290925354,1,1.170571428730906,66.66666666666667,0.0,0.26999998092651367,1.6313024637201756,0.9659097160983121,1.4405152296638821,0.8625042713612465,0.9174893034892126,-0.004976156701777645,-2.1666706403134413,1.0
7.659999847412109,66.06580520821076,1,4.644804204609256,66.66666666666667,0.0,0.9300003051757812,2.4503618655822623,0.9471836998554937,3.2857141597789075,1.0612914108769422,2.892539612701176,0.19611177212655706,-0.7518251198444607,0.0
5.699999809265137,52.18746212185632,0,-5.472643268012444,66.66666666666667,0.0,0.4500002861022949,0.4331004198205767,0.9679930685074714,0.8083332052937379,0.969073110444241,-3.9426016990385695,-1.7796941994984223,-4.666664900606111,0.0
5.960000038146973,47.08991154939919,0,-0.33444784051375936,66.66666666666667,0.0,0.3299999237060547,-0.5078247864448275,0.9584581899516553,1.6816771399307455,0.9432071020122609,0.9948086117391169,-0.04112997297363907,-0.9428571817826358,1.0
4.230000019073486,43.79885304247754,0,-0.7042302393543312,33.333333333333336,0.0,0.1399998664855957,-0.6040188424917868,0.9666934142021489,0.38383773555142714,0.9425355701408116,1.1090655857109977,0.6354733405875952,-1.230770641528812,0.0
4.130000114440918,39.96022317703316,0,-2.3640639286444194,66.66666666666667,0.0,0.11999988555908203,-0.9836951406639868,0.9668271679165258,0.8899999566078112,0.9777989505510502,1.6845644046944213,-0.7657636486689727,-1.3571425530374956,1.0
7.449999809265137,66.28603291969432,1,11.694148786345785,66.66666666666667,0.0,0.9900002479553223,1.9266918749350301,1.3792552441897308,-0.22413834210139014,0.9490792843057808,0.27450366552033817,0.5962066480611585,6.800004768376129,1.0
4.360000133514404,26.185977810778887,0,-3.111108144124349,33.333333333333336,0.0,0.19999980926513672,-2.4082822363840375,0.9765926235733167,1.3162134409285269,1.672825281135702,1.1964751921476535,0.28852532608424575,-0.7142858533053589,0.0
3.630000114440918,9.134719430657373,0,-53.46153813236094,0.0,0.0,3.509999990463257,-3.188764919053459,1.3444146693137398,1.3389330616350017,1.1764094764061306,2.682643373181176,0.8140513092126436,13.892871618284678,0.0
5.070000171661377,66.29294738900151,0,-0.39292692194410156,33.333333333333336,0.0,0.20999956130981445,2.638574999205424,0.969050964821535,2.393048517479485,0.410336028151325,1.4798616945395016,-0.4509672478766168,-1.0249999701976846,1.0
11.300000190734863,71.71167442633347,1,1.2544833802593516,66.66666666666667,0.0,0.9400005340576172,2.164287921026873,1.0744258518871246,1.3672769831299294,1.3142352025125057,1.3244957479247947,0.032496168596423125,-0.9181284560236244,0.0
13.239999771118164,51.31650960001888,1,0.3790765149774954,66.66666666666667,0.0,0.26000022888183594,0.1687300359898171,0.7683678955907002,3.609085376215038,0.967778864055325,1.056427158609548,0.1493581995578861,-1.1923082566115248,0.0
3.119999885559082,26.455675233384014,0,-3.703707519273088,33.333333333333336,0.0,0.26999998092651367,-1.0062898373029796,1.0932186502655181,0.6631259598623952,1.024968133071059,1.1026101432604016,0.014761314746261744,-0.8124998370185761,0.0
7.239999771118164,45.88416209291487,0,-3.9787823906186777,66.66666666666667,0.0,0.5099997520446777,-0.2644634443283521,1.0569818859068991,-2.195920061798124,0.9829453163232809,1.3781062613964452,0.01941648015388897,0.07142844978653029,0.0
12.220000267028809,67.1683295365012,0,-1.2924058637566094,33.333333333333336,0.0,0.4399995803833008,1.3194767490933443,1.0609446457110938,0.9720516574032461,1.0585430405070615,0.39654657395491794,-0.0043230033206077545,-8.999809269502194,1.0
5.5,58.47099483376098,0,-5.982904450227533,66.66666666666667,0.0,0.6599998474121094,1.7412454489339666,1.0208237192525036,1.142086319366625,0.5559311591148238,0.9722255284591753,-4.562969739782979,-1.3499999046325684,0.0
11.5600004196167,40.69141752175868,1,2.300886942418074,33.333333333333336,1.0,0.36999988555908203,-1.21787130958512,1.0208157512253668,1.1304642804657286,0.9137916670777038,0.9237696423808919,-0.016282565891041267,-1.2680413992856292,0.0
10.4399995803833,46.167408153517975,0,-3.6011112287182248,33.333333333333336,0.0,0.630000114440918,-0.4434044965044114,1.0184509211377157,1.6824265698302818,0.8861695185351854,1.1718010406459398,-0.018824446310275134,-3.600008900982923,1.0
4.400000095367432,18.202213030850757,0,-35.578328777199616,33.333333333333336,0.0,1.3499999046325684,-2.4174331879139928,1.3469743927838818,1.5349306965229503,1.1877758510347225,2.4612630283864307,0.00865899675106574,0.8984377619345287,1.0
5.599999904632568,58.16506992869334,0,-3.6144585234971154,66.66666666666667,1.0,0.3400001525878906,1.435472456411851,1.0125651488948244,0.871201227281845,0.034987114696841265,0.7099368945705551,-0.35419819924709905,-0.3225803970669895,1.0
4.309999942779541,35.82428478983283,0,-3.579415098926647,33.333333333333336,0.0,0.38000011444091797,-1.2853084715055474,0.9583967312508341,1.1349555428563127,1.1209490722376183,-0.5601058337492666,0.5049299262279794,-0.5428580770676998,1.0
5.960000038146973,61.8536876256326,1,3.1141837682492297,66.66666666666667,0.0,0.48000001907348633,1.4408675316160298,1.005580270651096,0.8823964216480576,2.0076060966245186,0.8033289253362915,0.5493209038152858,-2.649090832029799e-06,1.0
5.739999771118164,50.20145171409008,0,-4.013382060030608,66.66666666666667,0.0,0.28999996185302734,0.27642016304067774,0.9713557522269564,1.6874986030168753,0.8811154775045976,0.8125236220531258,-0.030093756844117525,-1.521739626201163,1.0
12.15999984741211,45.314056803654346,1,6.0156893140338035,100.0,0.0,0.5299997329711914,-0.850906356731863,0.5604974203402325,0.732352968538236,5.23076965399739,0.42231407861897446,-0.9421098579208411,-2.769232462146406,1.0
8.25,61.264759183525705,0,-3.733952231264138,66.66666666666667,0.0,0.5399999618530273,1.3343867558181624,1.1598812891060115,0.9144859165028721,1.0134374037622245,0.5817054753515418,-0.013145832984319816,2.199984741269145,0.0
13.5600004196167,66.40377285751266,1,2.883157098954634,66.66666666666667,0.0,0.4200000762939453,2.013033345047834,0.909606063432846,1.0680271985270586,1.1922354191291078,0.8590121951184316,-0.7457131670399635,-3.000005019349593,1.0
12.449999809265137,57.309978583254114,1,2.3007373148386865,66.66666666666667,0.0,0.46000003814697266,1.4191386401070574,0.9675330105804766,-1.0450005531310886,0.8602936879712642,7.007438284127147,-0.008432564665251663,0.333331819564852,1.0
13.6899995803833,67.90807632101786,1,0.9586958461928738,100.0,0.0,0.2700004577636719,1.8161186900094881,0.9048285130665404,0.917834289821942,1.248686982300472,0.9360282079004467,-1.0896875567839484,-0.6578970483788796,1.0
4.239999771118164,45.8681505614386,0,-2.528738756919483,66.66666666666667,0.0,0.3600001335144043,1.0424485389932823,1.0454612880891294,0.7626418805827538,0.8499269349361057,0.8749625156288335,0.044665254330866766,-1.916668653490054,1.0
4.380000114440918,47.141819840089475,1,8.415845440551507,66.66666666666667,0.0,0.32000017166137695,-0.3717163290031174,0.9670370373456948,0.5478087025928663,0.9507857714593616,3.595673118299913,-2.481422297420793,-5.250005960470162,1.0
12.359999656677246,76.25515332887576,1,10.062334465740246,100.0,0.0,1.1500005722045898,1.9767952076326543,1.068672384158115,0.8469156272947945,1.1829077030700468,1.067610797159751,0.13030376536842003,7.692364687412885,1.0
4.369999885559082,51.09674408061327,1,5.301199641832107,66.66666666666667,0.0,0.309999942779541,0.46332614297159624,0.9808613066753877,0.9390241526762878,0.8865961840235473,1.5152765170152513,-0.13080546519193237,1.75,1.0
5.920000076293945,52.509563822103075,1,0.5093414344379251,33.333333333333336,0.0,0.24000024795532227,1.0478281176083326,0.9811263089315692,0.9444449210014327,0.717360571313525,0.8752296831968935,-0.06366421664831212,-1.600001907341357,0.0
3.950000047683716,39.478012657344,1,9.116026866218194,66.66666666666667,0.0,0.2999999523162842,-0.3945677430846023,1.0568576900376612,-0.10597314276999178,0.9279943173690489,1.1509246533152906,-0.3424846313586466,1.2000031789174197,1.0
13.180000305175781,50.24783531847902,0,-0.7530077545644412,33.333333333333336,0.0,0.3299999237060547,0.25515307481325306,0.823104412359026,0.316100331602538,1.0226038766218293,2.814677163340236,0.4543417008196722,-0.8529420839457416,0.0
5.090000152587891,66.84864453555029,1,18.648023259872254,66.66666666666667,0.0,1.059999942779541,4.1535552782729015,0.9757300209562406,-124.66480438046405,0.7147307411067464,2.285126486767669,0.527120526788174,4.333331214058422,1.0
13.279999732971191,52.18213019909927,1,0.7587209823974012,66.66666666666667,0.0,0.25,0.2971946623377407,0.7723712940343674,-1.7289737035373296,0.9609779964552715,1.2692708979100429,2.684073796838536,-2.0,1.0
8.970000267028809,64.69533442981599,0,-1.3201307320651527,66.66666666666667,0.0,0.4500007629394531,1.5563003606438095,1.0577712230789287,1.728526009492747,0.9043551420826913,0.9556591125801531,-0.00914828896029063,-2.090901997503121,1.0
7.800000190734863,54.791736324878165,1,6.26703036218315,100.0,0.0,0.440000057220459,0.4522926351280227,1.0477344790117775,1.0276033047863258,0.9554877503029012,0.7564587077374466,0.15076708381224657,-3.090911258352786,1.0
11.880000114440918,48.470728189000674,0,-1.899253086349266,33.333333333333336,0.0,0.3000001907348633,-0.20231284002322425,0.9933258264484117,0.3712575465815134,2.151257244704305,10.610850268691355,0.11033632517806469,-2.0454557276991236,1.0
4.260000228881836,44.3967188741074,1,3.1477024416140047,66.66666666666667,0.0,0.26999998092651367,-0.6059010907179302,0.9670471742397726,0.44494349238033043,0.9405209440327632,2.4956693158254852,1.1021309041293792,-2.3000023841880646,0.0
7.070000171661377,73.38159737000709,1,3.2116827750614303,66.66666666666667,0.0,0.559999942779541,1.777925520522292,0.8354672290796838,1.3300781281832301,1.1334219744580678,1.3921162146576942,0.02494875683242226,-0.7215186358835068,1.0
11.630000114440918,72.35143210601646,1,3.839288504452169,100.0,0.0,0.8100004196166992,1.716419159436951,1.0601052003958498,0.7766366985230603,1.1948085004380713,0.7396963719339347,0.0802396388676041,-5.299986648610502,1.0
5.269999980926514,39.420656302610276,0,-5.385999667669338,33.333333333333336,0.0,0.4499998092651367,-1.4256010731963744,0.9673195850758385,1.0934957534676841,0.13562739143762878,1.1650856826148743,-0.0026971172370310326,-0.45454482401665286,0.0
3.450000047683716,20.123589426486372,0,-13.749998807907104,0.0,1.0,0.46000003814697266,-1.6121656642112394,1.1845648378327092,0.8745306712232169,1.09134842088265,0.7403866853829713,0.2541433628095633,-28.500023841880648,0.0
5.599999904632568,68.82661172345149,1,2.0036455027392517,33.333333333333336,0.0,0.2199997901916504,1.8438910299980664,0.9330307197814859,1.2261989677754834,1.4209341206861332,0.8999080289780264,-0.14012121969507618,10.000286109389156,0.0
12.100000381469727,51.01252983565443,1,1.937662157776941,66.66666666666667,0.0,0.36999988555908203,0.6121196851888517,0.9806831839300024,-0.1260158472756514,0.5486517132433654,-0.5058494392922098,-0.1801986978529373,-1.7931052626386528,1.0
5.949999809265137,55.81531360488997,1,4.569415631459353,100.0,1.0,0.1700000762939453,0.7788883085455042,0.9616314266888889,-5.499989668551282,0.9227178325975269,0.6461876963297599,-1.0269325908102505,-27.000619903676505,1.0
4.5,27.24682361528867,0,-9.819635142154814,0.0,0.0,0.42999982833862305,-2.8399971374390702,0.9684909819458661,1.3565575172105953,2.2319586577280264,1.5413534136240956,-1.7546757367175738,0.48484598900963927,0.0
3.619999885559082,20.650510369057006,0,-20.088306448174908,33.333333333333336,0.0,0.6200001239776611,-1.6909294878625953,1.1928120126584167,0.8378678558172011,1.0949532010690803,0.7535911688624602,0.30099187462825894,-3.068182286152109,0.0
4.340000152587891,28.166840157377955,0,-2.9082694341286772,33.333333333333336,0.0,0.17999982833862305,-1.808996320356292,0.9743822753589165,0.9657682691739676,1.3737920532535846,0.836750903673756,8.090264380135762,0.8571331257961459,0.0
4.849999904632568,54.48006802823336,1,0.20660644069052322,66.66666666666667,0.0,0.3899998664855957,1.9147530196080014,1.0363369589045641,1.2448579290346293,0.7867344189422965,0.9638338784320811,-0.18473155216873993,-0.9833337571883156,0.0
11.15999984741211,76.50364606115538,1,18.095238864136526,100.0,0.0,1.6500005722045898,2.9181198440786864,1.0573393265094304,1.294814656226673,1.20835390172266,2.108696343128519,0.20496208676428584,-14.153834867769504,1.0
5.510000228881836,45.00591409138041,0,-3.163441591010321,66.66666666666667,0.0,0.37000036239624023,-0.9077258072812474,0.9708876604751767,0.5990147463423541,1.5100791759230376,0.39530259767053383,-0.03360540108897647,-1.3214282977337461,0.0
5.889999866485596,52.39211795296861,0,-0.8417540446667972,33.333333333333336,0.0,0.21000003814697266,0.9076891152293085,0.9620297996254151,1.1117647834302962,0.9285714174115998,0.883587399977449,0.04293403634679405,-1.250000596045595,0.0
5.269999980926514,38.639115281600176,0,-8.027923850187918,0.0,0.0,0.26000022888183594,-1.8605886567072971,0.987989403548323,-0.527131665462865,0.8521125483574227,-2.5818298916147593,-0.5928009313480425,1.4210521032276846,0.0
11.569999694824219,38.77342262704554,0,-0.9417860229234559,33.333333333333336,1.0,0.3299999237060547,-1.1886727743812877,0.40166562566066194,0.7812200332225875,1.4024800166285745,0.9415147937543243,0.04413083652109351,-0.7708318432157929,1.0
10.300000190734863,26.13341507604881,0,-7.290724491207011,0.0,0.0,0.3600006103515625,-2.036228101582425,-16.747978613253743,1.2955714756588175,1.3086281617652582,2.907604537634828,1.1787862167791596,0.7608682581969337,0.0
6.570000171661377,53.871338320342495,0,-0.904976496891065,0.0,0.0,0.23999977111816406,0.2528670308780293,1.9757126454956029,2.3586969479282716,0.955697319286392,1.0089553353341945,-0.10698040777663309,-1.1874997206033775,0.0
4.25,44.35597350173379,1,3.155342671163133,66.66666666666667,0.0,0.28999996185302734,-0.026521610121929245,1.0474903348677738,2.784052982465701,0.9116887046358071,1.0716424158519955,-0.06890229040335027,-0.7045450727800106,0.0
5.860000133514404,54.49311198630339,1,9.737827079920763,66.66666666666667,0.0,0.17999982833862305,0.6043280566541962,0.9668462974922759,-0.3333332101195919,0.9282041027592559,0.8905189111960958,-0.7171173271242404,-1.6419753304452307,1.0
4.230000019073486,40.920208148322445,1,7.088606785054668,66.66666666666667,1.0,0.14999961853027344,-0.8990428370932427,0.9651370988044663,0.7999999923706079,1.0221355727255341,-0.797991523104158,-1.2144570638347627,-2.333334468660983,1.0
8.079999923706055,21.347302317314472,0,-2.4154567115350485,66.66666666666667,0.0,0.6200003623962402,-1.8621922717760717,1.3901566937542904,1.0365885083380715,1.0745553629614384,0.763150814205856,0.02907631044251069,0.538458716942376,0.0
7.690000057220459,69.06398623435905,1,3.2214799208027864,100.0,0.0,0.3600001335144043,2.164393916384857,1.315069462575366,12.249988079081533,0.9397149016969422,-1.5912417681659494,0.3345844916155314,-0.6923072690793005,1.0
5.760000228881836,49.31175354764878,0,-1.7064829753270951,33.333333333333336,0.0,0.19000005722045898,-0.38619256284521086,0.9706687888748332,0.19285615998843725,1.080985872066734,2.9651781898496177,-0.32410691481683007,-1.2857140910868212,0.0
11.100000381469727,69.02099218337193,0,-6.2499979863295945,33.333333333333336,1.0,0.8599996566772461,1.8071869409814605,1.0682473097158256,1.259631057682773,1.2233043633617837,0.8331611326707239,-0.13020429256117227,-1.4512192781733653,0.0
13.369999885559082,66.28386612161222,1,5.110059786831302,66.66666666666667,0.0,0.38000011444091797,2.4500657207318532,0.926673798629951,1.2283260740848563,1.3493349127520302,1.298249894434559,-0.3432736788580074,4.909054653904841,1.0
12.220000267028809,33.7067000475225,0,-4.902724480455317,0.0,1.0,0.48999977111816406,-2.4770838813936096,0.8862205907342777,2.0433067724970035,0.8600405376540178,1.5757571883481887,-1.5243947937124716,0.28571511983215325,0.0
5.320000171661377,42.021744346519895,0,-1.2986956689826445,66.66666666666667,0.0,0.18000030517578125,-1.381435665531896,0.9738843727166094,1.1098164573859557,0.7886790945420716,0.8816370367752574,-0.07079580963188292,-1.7777771890878071,1.0
6.039999961853027,56.028386570631135,1,6.338030711168224,66.66666666666667,0.0,0.35000038146972656,1.4536531431820054,0.9603780962049417,2.1483877973927,0.867511240218609,1.3970403511670155,0.918043863610323,-4.59998760228118,1.0
11.890000343322754,48.885292677328096,1,3.752184151347614,66.66666666666667,0.0,0.2799997329711914,-0.06828632107023024,0.9932294827542006,1.0810188333030175,0.5156241019377067,0.7993670488233883,-0.24039592815590483,-1.6718751164152594,1.0
4.989999771118164,35.171682882784914,0,-6.203014847650981,33.333333333333336,0.0,0.2800002098083496,-2.1665929184611903,0.9686976401339357,1.097451679829261,2.7846895093755126,1.340991307127613,-0.5855846018249342,3.7143119891008176,0.0
6.309999942779541,50.53392036983833,0,-6.240714340321301,0.0,0.0,0.2800002098083496,0.1339358994758964,-0.06322097921297717,0.25134653045612315,0.9746054697643161,2.1752222757800816,-0.23539685840122493,0.7500019868233874,0.0
5.730000019073486,47.801878940997476,0,-3.2094603846593754,33.333333333333336,0.0,0.25,0.161052164404291,1.0125426766478107,0.7226889229813265,0.5587801186140146,0.3909315808747121,0.027770158996317074,-7.333290948104586,0.0
5.690000057220459,71.67014669064176,1,3.454546494917436,66.66666666666667,0.0,0.3400001525878906,2.208425049268089,0.9071637928550096,1.179093406766253,1.706760955702222,0.9646771763294283,-0.18854172163042715,-0.5681817442917723,1.0
7.300000190734863,75.41471524076228,1,3.253182651895731,100.0,0.0,0.34999990463256836,1.7256510594503107,0.7562952819411477,1.3296623408341588,1.089460297303868,1.200297010901059,0.6121102374260139,0.04545336321509241,1.0
8.34000015258789,22.77260282008742,1,5.170243797283471,66.66666666666667,0.0,0.5199999809265137,-1.8370042396385842,1.4483236597445261,1.1479897140778783,1.0921828258550006,0.8028053749176903,-0.2877542016989295,-1.4141416379400447,1.0
11.40999984741211,39.300747977481954,0,-2.1440823608199833,33.333333333333336,0.0,0.31999969482421875,-1.4011022783587195,1.0187949616377707,1.243279655605601,2.8684192529339767,0.9434776887263687,0.2760092611010625,0.9230752301654257,0.0
5.920000076293945,63.08872968647512,0,-7.931567117575662,0.0,0.0,0.4499998092651367,1.2328466645887302,0.9362128942041215,0.9804973239866577,1.3314757385035116,0.5956238341535925,-0.41585271470136487,-2.961539378533871,0.0
11.75,29.619719189674324,1,0.5132628038531707,33.333333333333336,0.0,0.25,-2.1368956213890793,0.8287023536470447,1.2031504720040862,0.6091407541623183,0.9345018374131377,0.06777431235713927,-1.113208192231703,0.0
11.300000190734863,36.87698710959983,0,-7.905462354038091,33.333333333333336,0.0,0.5399999618530273,-1.7775790201641068,1.018485617274978,1.5202491397372517,0.2689334929374434,1.7974841958147285,0.39256129607073587,-3.9393869335406366,0.0
8.75,62.40727755002822,0,-1.5748069506871014,33.333333333333336,0.0,0.5799999237060547,1.318898268363337,1.05498628693556,2.5110662182799093,0.9442703199346111,1.466229494739598,-0.006614309021058307,-1.1473687380633892,0.0
6.71999979019165,61.69883419398331,0,-7.9452107587524115,33.333333333333336,0.0,0.570000171661377,1.0054757994546932,0.7154748245629942,0.8376587366012314,1.072511878393352,0.2771692908246593,-0.22137411316596856,-3.521740662803595,0.0
5.949999809265137,53.18699770626645,0,-1.6528988151582193,66.66666666666667,0.0,0.24000024795532227,1.1023030417047468,1.007314776842106,0.7857141944826973,0.5901898260830777,0.706945254267942,0.04368992777114267,-2.428573374840771,1.0
6.690000057220459,69.72397494278518,1,8.077544351825397,66.66666666666667,0.0,0.2799997329711914,1.543533122870192,0.8558893749795148,0.9962962998938324,1.1868637789272927,2.4639424286517664,0.08471483544829184,0.5151518654451925,0.0
11.829999923706055,47.609675867861505,0,-3.0327859946201823,33.333333333333336,0.0,0.31999969482421875,-0.32095864289846154,1.0047492993061935,0.3741654294398373,-30.191741752652746,0.6060933529147116,0.5876030996198103,-1.7254896460934899,0.0
4.090000152587891,34.1195423182147,0,-4.662000257425377,33.333333333333336,0.0,0.15000009536743164,-1.4154080731600374,0.9661491565255834,0.904689717928143,1.0865699891431229,1.4222574893328037,-2.009316899589156,9.0,0.0
10.25,27.852729348834263,0,-0.4854387360093434,33.333333333333336,0.0,0.3600006103515625,-1.8369867577961045,2.6134029352215777,1.418123628761812,1.1641376512667612,1.0801422068320072,-0.04524276534817129,-0.9382713287635428,0.0
4.929999828338623,55.85981976590609,1,8.83001324512513,100.0,0.0,0.40000009536743164,2.178798868507249,1.039867466955306,1.4967405197456431,0.8051394103038295,1.0586278339588453,-0.6460090406405103,0.24999813735584997,1.0
4.269999980926514,51.28728475508012,1,2.8915634409993314,66.66666666666667,0.0,0.3400001525878906,0.7934848580760354,0.9794559130571497,0.4714287259140788,0.7933993722446011,2.5184936391371946,-1.2957869339272459,-0.25000111758649,1.0
3.9600000381469727,42.062568257325474,1,2.857146395823154,33.333333333333336,1.0,0.18000030517578125,-1.3615418433093915,0.9877699598554233,-8.22222406187236,0.843126932651796,0.1625320713762752,-0.09534395678324348,-1.3928573253202043,0.0
6.150000095367432,61.25691305522945,1,4.4142654461038395,66.66666666666667,0.0,0.28999996185302734,1.1472756383958644,0.9714409155125573,0.7550200999328245,1.0409836340435774,1.8950741680930212,-2.841716484271137,-5.3333412806268825,1.0
13.420000076293945,61.43665949797869,0,-1.9722389508049631,33.333333333333336,0.0,0.2199993133544922,1.2223679642868186,0.8907805776092951,0.9077027959201258,1.1974763471221292,0.4623589884376844,-14.812006824482832,-3.0769326701586044,0.0
6.599999904632568,53.719957928908585,1,5.431304525870014,66.66666666666667,0.0,0.5799999237060547,0.7020800136045423,0.9507113471465193,0.45636681368224424,0.9605233664651068,-0.09247258389350815,1.1995202617909166,-1.242856977423798,1.0
11.1899995803833,52.43928580607584,1,4.775273975978838,33.333333333333336,0.0,0.7899999618530273,-0.2808235067352983,1.0177599848793344,0.3719809148453442,0.8302473656633962,0.43734797628383304,0.03880591350906504,-3.3181857589970782,0.0
4.150000095367432,44.08559290563936,1,1.9656000081542666,33.333333333333336,0.0,0.21000003814697266,-0.6789065864554201,0.9883188536232199,5.1249968335044676,0.9544270645724792,0.7220444240678093,0.05697922626644947,-1.61538574399642,1.0
3.990000009536743,42.74709322822442,0,-3.3898329545960983,33.333333333333336,0.0,0.25999999046325684,-1.1341729544169779,0.9934055246701051,-1.0714285258127545,0.8375486625148484,0.1829509812405776,0.1880490084844333,-0.5483866750138822,1.0
8.149999618530273,59.58627962956887,0,-5.452439365065316,33.333333333333336,0.0,0.34999990463256836,1.1182500098350505,1.1221565156070044,0.7660302667690622,1.0423159590602955,0.23551558865335967,-0.15823945791980643,-2.2702713848644107,0.0
11.529999732971191,44.45212273475723,0,-0.1731641336224026,33.333333333333336,0.0,0.32000064849853516,-0.8066473498845913,1.002711743549065,0.7730255810510102,1.290314541837072,0.770096241970105,0.062139470788714846,-0.9310328951911788,1.0
11.109999656677246,33.45165822616383,0,-3.9757999159909345,66.66666666666667,0.0,0.9699993133544922,-1.5182272679671596,-0.12533994594584622,1.203222071732615,1.3171855127849523,1.1108168887755137,0.26020583464510305,3.181795325287835,0.0
11.529999732971191,43.77892063122066,0,-3.9966734951122804,33.333333333333336,1.0,0.38000011444091797,-0.6114047192234779,0.9942147568397949,0.48559085769692384,0.9072942167040922,0.4032214298276104,0.3385043487612416,-16.99965032742069,0.0
6.909999847412109,64.07411535078383,0,-2.124647260384767,33.333333333333336,0.0,0.2799997329711914,1.1347660362175225,0.701688449142688,0.7839616025995629,1.0420066920313786,0.05056593014364435,-0.01891267505841354,0.666664900606112,1.0
4.929999828338623,34.03614527093873,0,-3.710938700533033,0.0,0.0,0.26000022888183594,-2.1020519535707303,0.9646448591789024,1.2787139268606145,1.9571785847522174,1.280993625270321,-0.8921398294642418,0.18749795109448808,0.0
4.099999904632568,42.799346915350355,1,3.015072487035241,33.333333333333336,1.0,0.15999984741210938,-0.8618077709261978,0.986554740821031,1.3536579373476687,0.9126931781933216,1.0420180168932083,-0.009622608980676017,-1.4137927632552527,0.0
5.360000133514404,42.29823152116094,0,-2.367935209900425,66.66666666666667,1.0,0.16000032424926758,-1.4510095832245884,0.9815677068805991,1.3559670723347244,0.6904761778614468,1.1455743688340012,0.052235299215786624,-1.5909080071872435,1.0
5.690000057220459,51.97229552993798,0,-0.17543425226828097,33.333333333333336,0.0,0.440000057220459,0.3277839502102812,0.968125226305326,0.1030930183171012,0.9021993581178491,3.3972703047191573,13.152586689908485,-0.9696977578566052,1.0
6.579999923706055,53.54812904239196,0,-7.454292543682072,33.333333333333336,0.0,0.559999942779541,0.7235933959589941,0.951786024196302,0.8055555457824182,0.9492706423883507,0.15437343447085639,-0.0443501852564232,-0.5984847417547822,1.0
9.09000015258789,68.80663313315357,1,1.2249511799436972,66.66666666666667,0.0,0.3899993896484375,1.8880109481586131,1.0494759396695847,52.388804412329826,0.9909797373578677,5.803483313243124,-0.022289873446945108,-0.9059823521284673,1.0
10.680000305175781,48.277473977249066,0,-2.0183423949895176,33.333333333333336,0.0,0.36999988555908203,-0.6324895534408805,1.010785385223454,0.6969697083218017,0.900241764147274,0.7986395144751677,-0.0025028965306234108,-1.594592922703384,0.0
5.489999771118164,44.85629510366077,0,-4.355400870535218,33.333333333333336,1.0,0.17999982833862305,-0.8292369206897136,0.9730269570523477,-0.0759492524827335,1.097367711412055,0.3411147897491447,-0.7857385322138994,-3.272734366194741,0.0
5.690000057220459,47.55754287548048,1,10.916177978303445,66.66666666666667,0.0,0.3400001525878906,-0.7205919047899747,0.974070687244585,0.8667806352449245,2.992685307292066,0.5386900219746411,1.0532854425661786,-5.00000340598295,1.0
12.199999809265137,53.664411105732796,1,4.36270527962768,100.0,0.0,0.3400001525878906,0.8010744716717597,0.9869169568068802,0.9512718923301715,0.06104410277849468,0.2572159812841484,-0.29826474061960573,-6.666659602424448,1.0
5.739999771118164,44.13085934319172,0,-0.863561158277819,33.333333333333336,0.0,0.3600001335144043,-0.8193012261140311,0.9589813727786205,2.262135734678601,0.9415024597229505,1.1164740614774251,-0.047489346807931376,-0.8958329401082619,0.0
11.770000457763672,29.850981606264234,0,-1.3411554343606689,33.333333333333336,1.0,0.24000072479248047,-2.3338836179927402,0.8494011671407068,1.4668530535887923,0.6552463247892286,1.1017758080633433,0.19191571566886467,-0.6923076923076923,1.0
5.980000019073486,46.781119771152234,0,-5.529224468420725,66.66666666666667,0.0,0.4399995803833008,-0.44503148071950055,0.96138305268272,2.981479744035726,0.9000572805414329,1.3581477985475703,-0.06705318156300955,10.666581896209172,1.0
7.539999961853027,50.28820062065323,0,-3.5805652642186954,33.333333333333336,0.0,0.7100000381469727,0.2101717695604857,1.0760436079009255,0.1896283983604775,0.9817892792415924,4.2191658475191085,-0.011735758035743782,-0.34883646142330405,1.0
7.820000171661377,54.299431379398406,0,-5.212119131377249,0.0,0.0,0.5299997329711914,0.6258177722919106,1.0889194005374236,0.6601940910148943,1.033211271091108,-0.4545816307004779,-0.1712552479823356,0.34375074505877024,0.0
11.09000015258789,36.43962603754865,0,-4.06574610699186,0.0,0.0,0.31999969482421875,-1.783122816951681,1.019685534999114,1.1818732806847356,5.182395621967596,1.0566727710912227,0.24307903194435432,-2.8076917433884754,0.0
3.240000009536743,26.6918771026269,0,-16.494847578023705,33.333333333333336,0.0,0.36999988555908203,-1.0744519388619351,1.1032341622734432,0.6810196263081651,1.025771681993982,1.251788827501076,0.24624762264532496,-3.370368833242234,0.0
4.159999847412109,35.35758698089013,1,0.4830913423070097,33.333333333333336,0.0,0.25,-1.3372139361962696,0.9589786944214445,1.0150828675241599,1.0982801105237407,0.4335248834288419,-1.4231171051381897,-1.2857133125796145,0.0
5.559999942779541,54.981819287936176,0,-3.3043488212253735,33.333333333333336,0.0,0.5999999046325684,0.9366368522673209,1.0059834866343509,0.8758389077166867,1.678610199094979,0.6153402200121838,-6.287558863739936,-1.7916676600783603,0.0
4.559999942779541,38.84990124261454,0,-2.5641002128344392,66.66666666666667,0.0,0.3300004005432129,-1.1168335285955353,0.944948696959724,0.6363635492993894,1.1033379265884224,-0.3482685194148342,3.7813966246553194,-1.3529411764705883,0.0
12.270000457763672,45.82780389478241,1,2.763826540853005,66.66666666666667,0.0,0.24000072479248047,-0.3697366992703181,1.0033181487009801,4.913270050170143,0.4702034673682205,1.1205920657419681,-0.24721184265124607,-2.1785716718550963,1.0
6.349999904632568,74.85534491154978,0,-1.5503861641813224,33.333333333333336,0.0,0.2200002670288086,1.8379673978559825,0.9169069004724288,1.0755302602972379,1.4484601391358385,0.8963000559764968,-0.2944946473149612,-1.1176469598261844,0.0
5.059999942779541,63.24944424062839,0,-0.19724316653344381,33.333333333333336,0.0,0.25999975204467773,2.1377409045198044,0.9584475361623184,1.4804468693341484,-0.2382403222350127,0.8870824325918072,-0.06378987264494906,-0.49998807905967624,1.0
5.949999809265137,47.05289527607646,0,-0.1677890741246558,66.66666666666667,0.0,0.3400001525878906,-0.5348126486145502,0.954548662338304,1.0424746516821544,0.8998144525171051,0.7570342909632929,-0.0073002080725287355,-0.49998807905967624,0.0
5.480000019073486,69.08033203477802,1,13.692942404701574,66.66666666666667,0.0,0.4200000762939453,2.7502945234242153,0.9420148858713108,1.2652089775817905,-2.4598805388885134,1.16643173246771,2.7363362667901807,-3.6399993896484375,1.0
4.090000152587891,17.44733969501888,1,12.672176959912315,33.333333333333336,0.0,0.48999977111816406,-2.2438498488749716,1.285112147725864,1.359674176318386,1.1624134228206655,1.1782284162770842,-0.11023658645159606,-1.1103117577292214,0.0
4.53000020980835,23.593486398922092,1,10.757947207949494,33.333333333333336,0.0,0.820000171661377,-1.6778285021411345,1.2173331358751134,1.1662619533322687,1.136241834414019,0.7801677122990234,0.019899320686861843,-0.043478215799894304,1.0
3.3499999046325684,22.88389567451838,0,-12.532637823371545,33.333333333333336,0.0,0.28999996185302734,-1.3558392315080436,1.1390090363531162,0.8765974741312627,1.0701286374085797,0.3388730896288824,0.22351969482524203,-3.2857139613353255,0.0
6.829999923706055,15.963643364354587,0,-15.782981345964952,33.333333333333336,0.0,1.0199999809265137,-2.128635702902222,1.2796158242615014,0.9171299479664256,1.133631962273535,1.0833737304564988,0.34809517621496866,4.565204230987714,0.0
10.829999923706055,49.108283295181984,1,1.4044907700759153,33.333333333333336,0.0,0.4100008010864258,-0.038322392586002875,1.0260106719604765,-18.999961206540767,0.9885449224915593,1.213213409717091,0.03760559007557496,-1.1923072690793004,0.0
4.199999809265137,43.052932037857275,0,-2.0979056733841057,33.333333333333336,0.0,0.26999998092651367,-0.6703712061929319,0.9730186492995574,0.07361919309421701,0.9483782637028669,0.9326673211899207,-1.5003828638213839,0.0,0.0
3.559999942779541,23.69665839645603,1,3.1884027123326466,33.333333333333336,0.0,0.619999885559082,-1.3796023151736423,1.1502547026168142,0.8481216725013323,1.0783825311840118,0.4087477690878422,0.022876832066234476,-1.1999998266046548,0.0
11.380000114440918,34.78453633290327,0,-4.530200993261395,0.0,0.0,0.3900003433227539,-1.4943532924240923,0.5129461314410744,0.6664166905323567,1.5237630700268987,1.0364304179740398,1.6810142812928328,-4.600008900982923,0.0
11.460000038146973,41.39748632277227,0,-5.289258868973823,33.333333333333336,0.0,0.3899993896484375,-1.1319032642192002,0.994396302337506,6.967764164801624,0.47863203102049995,8.801770272641223,0.22850120820826492,-3.782604188694423,0.0
12.510000228881836,68.95377575630887,1,4.250001907348633,66.66666666666667,0.0,0.6099996566772461,1.3791021628095115,1.0634444777331629,0.8838136929572561,1.0604653735433955,0.4507935227321243,0.07048166841802783,-1.5204086399040877,1.0
11.789999961853027,58.43289223921879,1,7.377053309527954,66.66666666666667,0.0,1.2299995422363281,0.5664848381954787,1.0129932796998868,0.4752267371591264,0.8793114974638927,0.5046708324077633,0.052793842405921554,-8.363599320294078,1.0
10.979999542236328,51.430916298932274,0,-0.9918900706768112,66.66666666666667,0.0,0.48999977111816406,-0.24368559696060108,1.011163597233844,0.7788045382454479,0.9223366480073119,0.7310341769803443,-0.006551300595109999,-1.1692315592561346,1.0
3.609999895095825,26.25630442797373,1,1.4044930651668976,33.333333333333336,0.0,0.3600001335144043,-1.1901452651250382,1.1292552200379584,0.8148070055433954,1.0506430205619446,-0.1317326700038786,-0.032280585816397145,-0.5454545454545454,1.0
4.130000114440918,44.701907108506845,0,-5.491985752934622,66.66666666666667,0.0,0.3400001525878906,-0.6685667914123148,0.985576919016049,-1.5194808170514689,0.856895525623347,1.0308447620571053,-0.16081416098781998,-2.090909090909091,0.0
12.039999961853027,51.42437654324467,1,2.380950063959432,33.333333333333336,0.0,0.36999988555908203,0.1472088415335435,0.9704771026349159,0.31853785575716864,0.8350584916773461,-0.7174566998065592,-0.021758468897924765,1.5454379941739491,0.0
3.5799999237060547,26.114396287944377,1,6.865672406600053,33.333333333333336,0.0,0.45999979972839355,-1.1307088033685306,1.1180494879421734,0.7580865728692509,1.0341790392171786,-1.2969362475983854,-1.5011272100684536e-05,-1.479166687362723,0.0
5.889999866485596,57.44147626397072,0,-1.0084024319817817,33.333333333333336,1.0,0.19000005722045898,0.9123767289820863,0.9721866952488091,1.0550846956783686,1.0265825225840164,0.23490783513110988,-1.854651140916872,-0.5384623849172872,0.0
6.96999979019165,64.81615668247372,1,3.7202382113894403,66.66666666666667,0.0,0.2999997138977051,1.138815980848704,0.6261237345178562,0.7191824754780929,1.027445392558146,-0.4511220260584669,0.2649120960669231,-1.43103418508997,1.0
13.789999961853027,64.30032750450594,1,0.2909088134765625,66.66666666666667,1.0,0.35000038146972656,1.2454726098142561,0.8409226759437585,1.0164320780687683,1.124928215943859,0.777798702824948,0.12736923084866358,-0.764706212343906,0.0
8.039999961853027,66.69902372999022,1,5.235603434001523,66.66666666666667,0.0,0.5,1.9354632302825447,1.25681242555309,1.2639226349213433,0.9559435015281841,1.9042951282872316,0.02440564543753143,-8.999971389879647,0.0
5.369999885559082,42.440347191696716,1,0.37383142585097384,66.66666666666667,0.0,0.43000030517578125,-1.1785879529596297,0.9797274894244732,1.101562657160718,56.79845365986302,0.9107041966274272,-0.002535627792822237,-1.0624999068677925,1.0
6.829999923706055,57.69676810583974,1,0.441172531319435,66.66666666666667,0.0,0.28999996185302734,0.6171251495573583,1.4038370161276512,1.8782624524147038,0.9608042055885047,0.8061213506345783,0.08923616632027609,-0.8235310617195302,1.0
13.279999732971191,52.6099010705343,0,-4.87106234468208,33.333333333333336,0.0,0.7999992370605469,0.5029894852122989,0.8324491619240998,0.7946008610603101,1.0511016400502184,-0.9280519026651014,-0.8010009844181579,-3.4285748345543783,0.0
5.53000020980835,57.401631131306175,1,0.545458360151811,33.333333333333336,0.0,0.75,1.4681001443108206,1.0175923477709383,1.101312434931592,0.3217247135801893,0.7876854788950064,-0.6791683188912652,-1.0857149085221722,0.0
5.53000020980835,45.097248285259695,0,-3.3216711075602117,0.0,1.0,0.1700000762939453,-0.804697507104534,0.9672139218164338,0.7349411364581618,1.071206498480453,0.5786352373376373,-0.4942596078162965,1.7142730635349896,0.0
5.71999979019165,48.5934772881418,0,-1.2089839744830353,0.0,0.0,0.2200002670288086,-0.4417045348813364,0.9676059080902685,-1.8043475105992752,1.0402704241246323,1.349196262105089,-0.3474396480493088,-1.2333337571883156,0.0
11.979999542236328,51.53954613191691,0,-0.2497975526541764,66.66666666666667,0.0,0.3099994659423828,-0.07195124163262889,0.987798038442653,-9.465120972660712,1.0058834726005101,1.3418540404472483,-0.030178808519441658,-1.0625013659383649,1.0
9.579999923706055,70.14225429426787,1,6.800441900982242,100.0,1.0,0.43000030517578125,2.1117955541594,1.0586785720425702,1.1674846763421334,0.9657789065500354,1.4569056980691262,0.1189012644301326,-6.083335320156721,1.0
5.510000228881836,45.224362255705294,0,-0.3616632941720413,33.333333333333336,0.0,0.3399996757507324,-0.8066195183754326,0.9716157558803231,0.3770485395910933,1.0738590960135854,0.8239517785157003,-0.11732114243644709,-0.894736710017116,0.0
3.8299999237060547,24.745953600023153,1,5.801106209552814,33.333333333333336,0.0,0.5199999809265137,-1.3860207070806434,1.1701101188099339,0.8296885401682227,1.0844047356330022,0.5519388701461335,-0.0037214731189204597,-1.230769190461793,1.0
3.880000114440918,30.178353867072435,1,7.479230670114072,66.66666666666667,0.0,0.48000001907348633,-0.9702599935104033,1.1098451661883921,0.7514884867281085,1.0173157812447347,10.695104191876817,-0.011517564647573142,4.400009536752259,1.0
6.079999923706055,61.571795283522555,1,7.801419638944644,66.66666666666667,0.0,0.5899996757507324,1.3857471187343513,0.9980857110153036,0.7296416302321177,1.285052310798486,0.8188346746076992,0.5959106146656856,-2.374999441206755,1.0
5.5,69.3298783532983,1,8.695653403086004,100.0,0.0,0.3299999237060547,2.4112298966891936,0.9208747017662239,1.0324527411700344,8.10189764146769,1.2184667493006704,1.5317292300168228,-44.998998664886514,1.0
7.46999979019165,49.302958397312594,0,-8.34355656646338,0.0,0.0,0.6399998664855957,0.13516348993695676,1.0769173753877588,0.490734793111434,0.9872371495313562,-3.682536989573946,-0.20703122980441624,0.4468073234029515,0.0
12.609999656677246,59.4177179347128,1,0.15885229425707786,66.66666666666667,0.0,0.14999961853027344,1.5081208707626392,0.9583072963285982,1.890109288953189,1.2855721495953452,1.2453996287938998,-0.10854193548387092,-0.9636372779023333,1.0
11.920000076293945,41.73200557685476,1,1.2744232174717665,66.66666666666667,0.0,0.3400001525878906,-1.0655508460929024,0.515345581513232,0.7325644654542603,1.945535106752957,0.3355261824437478,-0.16511114255655568,-0.6250014901139878,0.0
5.949999809265137,58.62193338527662,0,-2.138159803819152,66.66666666666667,0.0,0.25,1.115177178971244,0.973991374475681,0.7023809430888435,1.077477853895955,0.5760283643015421,0.0474886204654279,-1.2954547671246832,1.0
5.679999828338623,48.94498558198105,0,-1.7301103432493183,66.66666666666667,0.0,0.3600001335144043,-0.012426403021824182,0.9716140112036347,2.4603176645562366,0.8909005420258418,1.684340997399874,0.02672890146810003,-1.3448283799893122,0.0
